Order ID,Product Category,Vendor,Order Date,Shipping Date,Delivery Date,Region,Delivery Status,Return Status,Return Reason
ORD0000,Clothing,VendorC,2024-07-20,2024-07-21,2024-07-30,East,Delayed,Not Returned,
ORD0001,Beauty,VendorB,2024-11-11,2024-11-12,2024-11-17,West,Delivered,Returned,Late
ORD0002,Clothing,VendorB,2024-12-06,2024-12-08,2024-12-14,North,Delayed,Not Returned,
ORD0003,Home,VendorA,2024-12-25,2024-12-26,2024-12-30,East,Delivered,Not Returned,
ORD0004,Clothing,VendorA,2024-05-19,2024-05-22,2024-05-28,West,Delayed,Not Returned,
ORD0005,Home,VendorC,2024-02-26,2024-02-27,2024-03-04,West,Delayed,Not Returned,
ORD0006,Electronics,VendorB,2024-07-12,2024-07-13,2024-07-22,West,Delayed,Returned,Wrong item
ORD0007,Home,VendorB,2024-04-02,2024-04-04,2024-04-11,North,Delayed,Not Returned,
ORD0008,Home,VendorA,2024-02-26,2024-02-28,2024-03-04,South,Delivered,Not Returned,
ORD0009,Clothing,VendorA,2024-08-21,2024-08-22,2024-08-25,West,Delivered,Not Returned,
ORD0010,Beauty,VendorA,2024-12-28,2024-12-29,2025-01-08,North,Delayed,Not Returned,
ORD0011,Books,VendorA,2024-07-09,2024-07-10,2024-07-19,West,Delayed,Returned,Late
ORD0012,Clothing,VendorA,2024-03-03,2024-03-04,2024-03-10,West,Delayed,Not Returned,
ORD0013,Beauty,VendorC,2024-07-09,2024-07-11,2024-07-13,West,Delivered,Returned,Late
ORD0014,Beauty,VendorC,2024-08-22,2024-08-25,2024-08-29,South,Delivered,Not Returned,
ORD0015,Books,VendorA,2024-03-01,2024-03-02,2024-03-10,East,Delayed,Not Returned,
ORD0016,Electronics,VendorA,2024-10-10,2024-10-11,2024-10-15,West,Delivered,Returned,Late
ORD0017,Books,VendorA,2024-04-05,2024-04-08,2024-04-16,West,Delayed,Not Returned,
ORD0018,Clothing,VendorA,2024-07-27,2024-07-30,2024-08-06,South,Delayed,Not Returned,
ORD0019,Books,VendorB,2024-09-21,2024-09-23,2024-09-28,East,Delivered,Not Returned,
ORD0020,Books,VendorB,2024-12-25,2024-12-28,2024-12-30,North,Delivered,Not Returned,
ORD0021,Books,VendorA,2024-04-13,2024-04-14,2024-04-18,South,Delivered,Returned,No reason
ORD0022,Electronics,VendorA,2024-05-01,2024-05-04,2024-05-13,South,Delayed,Not Returned,
ORD0023,Electronics,VendorA,2024-01-26,2024-01-28,2024-02-05,North,Delayed,Not Returned,
ORD0024,Home,VendorB,2024-08-17,2024-08-20,2024-08-22,East,Delivered,Not Returned,
ORD0025,Beauty,VendorB,2024-05-01,2024-05-02,2024-05-06,West,Delivered,Not Returned,
ORD0026,Beauty,VendorB,2024-06-23,2024-06-26,2024-07-05,South,Delayed,Not Returned,
ORD0027,Beauty,VendorC,2024-06-11,2024-06-14,2024-06-16,West,Delivered,Returned,Late
ORD0028,Home,VendorC,2024-12-27,2024-12-30,2025-01-03,West,Delivered,Not Returned,
ORD0029,Books,VendorA,2024-09-01,2024-09-04,2024-09-07,North,Delivered,Not Returned,
ORD0030,Clothing,VendorA,2024-02-23,2024-02-26,2024-03-01,West,Delivered,Not Returned,
ORD0031,Beauty,VendorA,2024-12-17,2024-12-19,2024-12-21,West,Delivered,Returned,No reason
ORD0032,Books,VendorB,2024-11-23,2024-11-24,2024-12-04,West,Delayed,Not Returned,
ORD0033,Home,VendorB,2024-01-24,2024-01-27,2024-01-29,East,Delivered,Returned,Wrong item
ORD0034,Clothing,VendorB,2024-09-03,2024-09-04,2024-09-07,East,Delivered,Returned,Wrong item
ORD0035,Beauty,VendorC,2024-09-04,2024-09-05,2024-09-10,East,Delivered,Not Returned,
ORD0036,Beauty,VendorC,2024-01-01,2024-01-04,2024-01-08,South,Delivered,Not Returned,
ORD0037,Electronics,VendorC,2024-08-27,2024-08-30,2024-09-02,West,Delivered,Not Returned,
ORD0038,Electronics,VendorA,2024-01-05,2024-01-06,2024-01-10,West,Delivered,Not Returned,
ORD0039,Electronics,VendorA,2024-12-14,2024-12-15,2024-12-22,West,Delayed,Not Returned,
ORD0040,Home,VendorC,2024-01-14,2024-01-15,2024-01-19,North,Delivered,Not Returned,
ORD0041,Clothing,VendorC,2024-05-23,2024-05-24,2024-05-28,South,Delivered,Returned,Damaged
ORD0042,Clothing,VendorC,2024-10-03,2024-10-05,2024-10-14,East,Delayed,Not Returned,
ORD0043,Electronics,VendorC,2024-10-02,2024-10-04,2024-10-06,South,Delivered,Not Returned,
ORD0044,Beauty,VendorB,2024-07-10,2024-07-13,2024-07-17,East,Delivered,Not Returned,
ORD0045,Home,VendorC,2024-09-04,2024-09-05,2024-09-10,East,Delivered,Not Returned,
ORD0046,Books,VendorA,2024-12-02,2024-12-04,2024-12-12,South,Delayed,Not Returned,
ORD0047,Clothing,VendorB,2024-06-26,2024-06-28,2024-07-05,East,Delayed,Not Returned,
ORD0048,Home,VendorA,2024-06-11,2024-06-12,2024-06-14,East,Delivered,Not Returned,
ORD0049,Books,VendorC,2024-04-06,2024-04-07,2024-04-12,West,Delivered,Not Returned,
ORD0050,Books,VendorA,2024-04-16,2024-04-17,2024-04-20,West,Delivered,Not Returned,
ORD0051,Clothing,VendorA,2024-03-28,2024-03-30,2024-04-07,South,Delayed,Not Returned,
ORD0052,Clothing,VendorB,2024-07-09,2024-07-10,2024-07-12,South,Delivered,Returned,Damaged
ORD0053,Beauty,VendorC,2024-09-08,2024-09-09,2024-09-15,West,Delayed,Not Returned,
ORD0054,Books,VendorA,2024-05-22,2024-05-23,2024-05-31,South,Delayed,Returned,Wrong item
ORD0055,Home,VendorA,2024-09-14,2024-09-15,2024-09-17,West,Delivered,Not Returned,
ORD0056,Beauty,VendorC,2024-10-26,2024-10-27,2024-11-04,South,Delayed,Not Returned,
ORD0057,Clothing,VendorB,2024-10-22,2024-10-23,2024-10-28,East,Delivered,Returned,Late
ORD0058,Clothing,VendorA,2024-10-01,2024-10-02,2024-10-07,West,Delivered,Not Returned,
ORD0059,Electronics,VendorA,2024-11-20,2024-11-22,2024-11-26,East,Delivered,Not Returned,
ORD0060,Clothing,VendorC,2024-11-05,2024-11-08,2024-11-10,West,Delivered,Not Returned,
ORD0061,Electronics,VendorB,2024-12-14,2024-12-16,2024-12-20,West,Delivered,Not Returned,
ORD0062,Home,VendorB,2024-10-10,2024-10-12,2024-10-15,North,Delivered,Not Returned,
ORD0063,Beauty,VendorA,2024-02-13,2024-02-16,2024-02-25,North,Delayed,Not Returned,
ORD0064,Books,VendorA,2024-04-10,2024-04-11,2024-04-21,East,Delayed,Not Returned,
ORD0065,Beauty,VendorA,2024-04-18,2024-04-19,2024-04-27,East,Delayed,Not Returned,
ORD0066,Electronics,VendorB,2024-07-25,2024-07-28,2024-08-07,West,Delayed,Not Returned,
ORD0067,Home,VendorA,2024-09-22,2024-09-23,2024-09-27,North,Delivered,Not Returned,
ORD0068,Home,VendorC,2024-03-12,2024-03-13,2024-03-21,South,Delayed,Not Returned,
ORD0069,Beauty,VendorA,2024-05-05,2024-05-08,2024-05-18,East,Delayed,Not Returned,
ORD0070,Clothing,VendorA,2024-09-07,2024-09-08,2024-09-14,East,Delayed,Not Returned,
ORD0071,Electronics,VendorB,2024-07-11,2024-07-14,2024-07-17,South,Delivered,Not Returned,
ORD0072,Clothing,VendorA,2024-12-17,2024-12-18,2024-12-25,South,Delayed,Returned,Damaged
ORD0073,Books,VendorA,2024-11-26,2024-11-28,2024-12-04,North,Delayed,Not Returned,
ORD0074,Home,VendorB,2024-06-20,2024-06-21,2024-06-29,West,Delayed,Not Returned,
ORD0075,Clothing,VendorC,2024-03-12,2024-03-14,2024-03-22,East,Delayed,Not Returned,
ORD0076,Clothing,VendorA,2024-03-13,2024-03-14,2024-03-17,East,Delivered,Not Returned,
ORD0077,Electronics,VendorC,2024-09-07,2024-09-08,2024-09-12,West,Delivered,Not Returned,
ORD0078,Clothing,VendorA,2024-01-25,2024-01-26,2024-02-02,West,Delayed,Not Returned,
ORD0079,Beauty,VendorC,2024-05-16,2024-05-18,2024-05-24,East,Delayed,Not Returned,
ORD0080,Electronics,VendorA,2024-04-25,2024-04-27,2024-05-07,South,Delayed,Not Returned,
ORD0081,Clothing,VendorB,2024-06-03,2024-06-06,2024-06-16,West,Delayed,Not Returned,
ORD0082,Clothing,VendorB,2024-08-28,2024-08-29,2024-09-07,West,Delayed,Returned,No reason
ORD0083,Books,VendorB,2024-02-28,2024-02-29,2024-03-10,East,Delayed,Not Returned,
ORD0084,Home,VendorA,2024-01-09,2024-01-10,2024-01-16,North,Delayed,Not Returned,
ORD0085,Electronics,VendorB,2024-03-06,2024-03-08,2024-03-12,South,Delivered,Not Returned,
ORD0086,Electronics,VendorB,2024-08-18,2024-08-21,2024-08-27,West,Delayed,Returned,Damaged
ORD0087,Books,VendorA,2024-01-11,2024-01-12,2024-01-22,North,Delayed,Not Returned,
ORD0088,Home,VendorA,2024-01-02,2024-01-03,2024-01-07,North,Delivered,Returned,Damaged
ORD0089,Beauty,VendorA,2024-05-06,2024-05-09,2024-05-15,South,Delayed,Not Returned,
ORD0090,Electronics,VendorC,2024-10-19,2024-10-20,2024-10-26,North,Delayed,Not Returned,
ORD0091,Home,VendorC,2024-04-01,2024-04-02,2024-04-11,West,Delayed,Not Returned,
ORD0092,Books,VendorC,2024-07-26,2024-07-28,2024-07-31,South,Delivered,Not Returned,
ORD0093,Electronics,VendorA,2024-12-01,2024-12-03,2024-12-09,West,Delayed,Returned,Late
ORD0094,Books,VendorC,2024-07-15,2024-07-16,2024-07-22,East,Delayed,Not Returned,
ORD0095,Clothing,VendorB,2024-06-28,2024-06-30,2024-07-07,East,Delayed,Not Returned,
ORD0096,Electronics,VendorC,2024-11-19,2024-11-22,2024-11-25,West,Delivered,Not Returned,
ORD0097,Home,VendorB,2024-07-10,2024-07-13,2024-07-15,West,Delivered,Not Returned,
ORD0098,Clothing,VendorB,2024-01-10,2024-01-11,2024-01-16,North,Delivered,Not Returned,
ORD0099,Books,VendorB,2024-02-13,2024-02-15,2024-02-19,West,Delivered,Not Returned,
ORD0100,Books,VendorA,2024-08-04,2024-08-05,2024-08-09,West,Delivered,Not Returned,
ORD0101,Clothing,VendorB,2024-02-26,2024-02-29,2024-03-04,North,Delivered,Not Returned,
ORD0102,Home,VendorB,2024-06-21,2024-06-23,2024-06-25,South,Delivered,Not Returned,
ORD0103,Electronics,VendorB,2024-02-17,2024-02-19,2024-02-29,East,Delayed,Returned,Late
ORD0104,Electronics,VendorA,2024-08-11,2024-08-14,2024-08-16,East,Delivered,Not Returned,
ORD0105,Clothing,VendorC,2024-04-15,2024-04-18,2024-04-27,South,Delayed,Not Returned,
ORD0106,Books,VendorC,2024-08-02,2024-08-03,2024-08-12,West,Delayed,Returned,Late
ORD0107,Electronics,VendorC,2024-02-26,2024-02-28,2024-03-03,North,Delivered,Not Returned,
ORD0108,Clothing,VendorB,2024-12-10,2024-12-13,2024-12-23,West,Delayed,Not Returned,
ORD0109,Clothing,VendorC,2024-09-17,2024-09-18,2024-09-23,North,Delivered,Not Returned,
ORD0110,Electronics,VendorC,2024-02-15,2024-02-18,2024-02-25,South,Delayed,Not Returned,
ORD0111,Clothing,VendorC,2024-09-05,2024-09-07,2024-09-12,West,Delivered,Not Returned,
ORD0112,Beauty,VendorB,2024-11-13,2024-11-15,2024-11-21,North,Delayed,Not Returned,
ORD0113,Electronics,VendorC,2024-06-06,2024-06-09,2024-06-14,East,Delivered,Not Returned,
ORD0114,Clothing,VendorC,2024-03-08,2024-03-09,2024-03-14,West,Delivered,Not Returned,
ORD0115,Electronics,VendorB,2024-06-22,2024-06-23,2024-07-02,East,Delayed,Not Returned,
ORD0116,Beauty,VendorB,2024-11-08,2024-11-10,2024-11-14,South,Delivered,Not Returned,
ORD0117,Electronics,VendorC,2024-06-04,2024-06-07,2024-06-12,North,Delivered,Not Returned,
ORD0118,Home,VendorA,2024-10-14,2024-10-16,2024-10-22,East,Delayed,Not Returned,
ORD0119,Beauty,VendorC,2024-03-01,2024-03-03,2024-03-06,South,Delivered,Not Returned,
ORD0120,Electronics,VendorC,2024-12-02,2024-12-03,2024-12-12,North,Delayed,Not Returned,
ORD0121,Books,VendorB,2024-09-17,2024-09-18,2024-09-27,East,Delayed,Not Returned,
ORD0122,Books,VendorA,2024-01-05,2024-01-07,2024-01-10,South,Delivered,Returned,No reason
ORD0123,Home,VendorA,2024-12-03,2024-12-06,2024-12-08,West,Delivered,Not Returned,
ORD0124,Books,VendorC,2024-11-09,2024-11-10,2024-11-14,South,Delivered,Returned,Damaged
ORD0125,Books,VendorA,2024-10-04,2024-10-05,2024-10-15,South,Delayed,Not Returned,
ORD0126,Electronics,VendorC,2024-01-23,2024-01-26,2024-01-28,East,Delivered,Not Returned,
ORD0127,Books,VendorB,2024-02-14,2024-02-15,2024-02-24,South,Delayed,Not Returned,
ORD0128,Home,VendorC,2024-03-07,2024-03-10,2024-03-19,East,Delayed,Not Returned,
ORD0129,Beauty,VendorB,2024-01-20,2024-01-22,2024-01-30,North,Delayed,Not Returned,
ORD0130,Clothing,VendorB,2024-01-05,2024-01-08,2024-01-16,North,Delayed,Returned,No reason
ORD0131,Home,VendorA,2024-11-10,2024-11-11,2024-11-18,West,Delayed,Not Returned,
ORD0132,Home,VendorA,2024-04-24,2024-04-27,2024-05-06,South,Delayed,Returned,Late
ORD0133,Books,VendorC,2024-11-19,2024-11-22,2024-11-27,North,Delivered,Not Returned,
ORD0134,Clothing,VendorB,2024-04-11,2024-04-13,2024-04-22,East,Delayed,Not Returned,
ORD0135,Electronics,VendorA,2024-12-26,2024-12-27,2025-01-05,East,Delayed,Not Returned,
ORD0136,Beauty,VendorA,2024-08-28,2024-08-31,2024-09-05,West,Delivered,Not Returned,
ORD0137,Beauty,VendorB,2024-10-17,2024-10-20,2024-10-30,West,Delayed,Not Returned,
ORD0138,Beauty,VendorB,2024-09-22,2024-09-25,2024-10-03,South,Delayed,Returned,Damaged
ORD0139,Books,VendorC,2024-04-22,2024-04-25,2024-05-05,North,Delayed,Not Returned,
ORD0140,Clothing,VendorA,2024-09-21,2024-09-22,2024-09-27,East,Delivered,Not Returned,
ORD0141,Clothing,VendorC,2024-04-25,2024-04-27,2024-05-04,South,Delayed,Not Returned,
ORD0142,Electronics,VendorC,2024-11-17,2024-11-20,2024-11-24,West,Delivered,Not Returned,
ORD0143,Books,VendorB,2024-06-21,2024-06-22,2024-06-24,South,Delivered,Not Returned,
ORD0144,Electronics,VendorA,2024-12-18,2024-12-19,2024-12-21,West,Delivered,Returned,No reason
ORD0145,Electronics,VendorA,2024-06-22,2024-06-25,2024-07-04,South,Delayed,Not Returned,
ORD0146,Beauty,VendorA,2024-07-19,2024-07-22,2024-07-31,North,Delayed,Not Returned,
ORD0147,Clothing,VendorB,2024-08-19,2024-08-21,2024-08-23,South,Delivered,Not Returned,
ORD0148,Home,VendorA,2024-12-17,2024-12-19,2024-12-26,West,Delayed,Not Returned,
ORD0149,Home,VendorA,2024-07-07,2024-07-10,2024-07-14,East,Delivered,Not Returned,
ORD0150,Electronics,VendorA,2024-07-28,2024-07-30,2024-08-07,East,Delayed,Not Returned,
ORD0151,Beauty,VendorC,2024-03-24,2024-03-27,2024-04-05,East,Delayed,Returned,Late
ORD0152,Books,VendorA,2024-01-28,2024-01-31,2024-02-09,South,Delayed,Returned,No reason
ORD0153,Clothing,VendorC,2024-05-14,2024-05-17,2024-05-25,North,Delayed,Not Returned,
ORD0154,Home,VendorB,2024-07-21,2024-07-24,2024-07-28,South,Delivered,Not Returned,
ORD0155,Clothing,VendorC,2024-01-15,2024-01-16,2024-01-21,East,Delivered,Not Returned,
ORD0156,Electronics,VendorB,2024-07-12,2024-07-13,2024-07-19,North,Delayed,Not Returned,
ORD0157,Electronics,VendorB,2024-12-03,2024-12-05,2024-12-12,South,Delayed,Not Returned,
ORD0158,Electronics,VendorB,2024-08-27,2024-08-29,2024-09-06,East,Delayed,Not Returned,
ORD0159,Electronics,VendorC,2024-01-14,2024-01-15,2024-01-24,North,Delayed,Not Returned,
ORD0160,Beauty,VendorB,2024-06-22,2024-06-25,2024-06-30,East,Delivered,Returned,Damaged
ORD0161,Clothing,VendorA,2024-05-11,2024-05-13,2024-05-16,South,Delivered,Not Returned,
ORD0162,Home,VendorC,2024-02-17,2024-02-18,2024-02-28,North,Delayed,Not Returned,
ORD0163,Books,VendorB,2024-10-22,2024-10-23,2024-11-02,West,Delayed,Not Returned,
ORD0164,Home,VendorB,2024-09-21,2024-09-24,2024-09-26,South,Delivered,Not Returned,
ORD0165,Books,VendorB,2024-02-28,2024-03-01,2024-03-03,North,Delivered,Returned,No reason
ORD0166,Books,VendorB,2024-05-11,2024-05-14,2024-05-19,South,Delivered,Not Returned,
ORD0167,Electronics,VendorB,2024-07-15,2024-07-17,2024-07-24,West,Delayed,Not Returned,
ORD0168,Books,VendorA,2024-04-19,2024-04-22,2024-04-27,East,Delivered,Returned,Wrong item
ORD0169,Electronics,VendorA,2024-02-09,2024-02-11,2024-02-14,North,Delivered,Returned,Damaged
ORD0170,Books,VendorB,2024-11-08,2024-11-10,2024-11-20,North,Delayed,Not Returned,
ORD0171,Books,VendorA,2024-12-12,2024-12-15,2024-12-22,West,Delayed,Not Returned,
ORD0172,Electronics,VendorC,2024-11-27,2024-11-28,2024-11-30,West,Delivered,Not Returned,
ORD0173,Beauty,VendorB,2024-08-19,2024-08-22,2024-08-28,West,Delayed,Not Returned,
ORD0174,Books,VendorB,2024-06-08,2024-06-09,2024-06-12,North,Delivered,Not Returned,
ORD0175,Clothing,VendorA,2024-10-15,2024-10-17,2024-10-25,South,Delayed,Not Returned,
ORD0176,Books,VendorB,2024-10-07,2024-10-09,2024-10-15,East,Delayed,Not Returned,
ORD0177,Clothing,VendorC,2024-07-18,2024-07-21,2024-07-26,South,Delivered,Not Returned,
ORD0178,Home,VendorA,2024-07-17,2024-07-19,2024-07-28,South,Delayed,Not Returned,
ORD0179,Home,VendorC,2024-03-05,2024-03-08,2024-03-17,East,Delayed,Not Returned,
ORD0180,Clothing,VendorA,2024-08-17,2024-08-18,2024-08-25,West,Delayed,Not Returned,
ORD0181,Clothing,VendorB,2024-10-12,2024-10-14,2024-10-17,East,Delivered,Returned,Wrong item
ORD0182,Books,VendorC,2024-07-13,2024-07-14,2024-07-17,East,Delivered,Not Returned,
ORD0183,Home,VendorC,2024-04-17,2024-04-18,2024-04-24,North,Delayed,Not Returned,
ORD0184,Electronics,VendorB,2024-10-25,2024-10-28,2024-11-05,North,Delayed,Not Returned,
ORD0185,Home,VendorB,2024-03-13,2024-03-15,2024-03-24,South,Delayed,Not Returned,
ORD0186,Electronics,VendorC,2024-05-25,2024-05-26,2024-06-01,North,Delayed,Not Returned,
ORD0187,Books,VendorB,2024-09-24,2024-09-27,2024-10-03,East,Delayed,Not Returned,
ORD0188,Home,VendorC,2024-08-14,2024-08-17,2024-08-20,West,Delivered,Returned,No reason
ORD0189,Clothing,VendorC,2024-04-22,2024-04-23,2024-04-27,South,Delivered,Not Returned,
ORD0190,Beauty,VendorA,2024-09-26,2024-09-27,2024-09-29,South,Delivered,Not Returned,
ORD0191,Electronics,VendorA,2024-07-17,2024-07-18,2024-07-22,East,Delivered,Not Returned,
ORD0192,Books,VendorC,2024-10-03,2024-10-05,2024-10-08,South,Delivered,Not Returned,
ORD0193,Beauty,VendorB,2024-08-15,2024-08-16,2024-08-26,East,Delayed,Not Returned,
ORD0194,Home,VendorB,2024-09-24,2024-09-27,2024-10-07,North,Delayed,Returned,Wrong item
ORD0195,Books,VendorA,2024-08-25,2024-08-26,2024-08-29,West,Delivered,Not Returned,
ORD0196,Beauty,VendorA,2024-10-18,2024-10-20,2024-10-26,North,Delayed,Not Returned,
ORD0197,Clothing,VendorC,2024-01-18,2024-01-19,2024-01-23,North,Delivered,Not Returned,
ORD0198,Books,VendorC,2024-01-06,2024-01-09,2024-01-18,West,Delayed,Not Returned,
ORD0199,Home,VendorC,2024-09-13,2024-09-16,2024-09-26,East,Delayed,Not Returned,
ORD0200,Clothing,VendorA,2024-06-28,2024-07-01,2024-07-07,East,Delayed,Not Returned,
ORD0201,Clothing,VendorB,2024-07-10,2024-07-12,2024-07-18,South,Delayed,Not Returned,
ORD0202,Clothing,VendorA,2024-12-07,2024-12-09,2024-12-11,East,Delivered,Not Returned,
ORD0203,Clothing,VendorC,2024-06-19,2024-06-21,2024-06-29,West,Delayed,Not Returned,
ORD0204,Home,VendorB,2024-12-15,2024-12-17,2024-12-23,West,Delayed,Returned,No reason
ORD0205,Electronics,VendorB,2024-11-17,2024-11-19,2024-11-21,South,Delivered,Not Returned,
ORD0206,Beauty,VendorC,2024-08-27,2024-08-29,2024-09-01,East,Delivered,Not Returned,
ORD0207,Books,VendorC,2024-04-12,2024-04-15,2024-04-17,South,Delivered,Not Returned,
ORD0208,Electronics,VendorC,2024-07-26,2024-07-28,2024-07-31,North,Delivered,Not Returned,
ORD0209,Books,VendorB,2024-09-07,2024-09-10,2024-09-18,East,Delayed,Not Returned,
ORD0210,Home,VendorA,2024-04-22,2024-04-25,2024-04-29,North,Delivered,Not Returned,
ORD0211,Books,VendorC,2024-05-27,2024-05-29,2024-06-02,North,Delivered,Not Returned,
ORD0212,Electronics,VendorA,2024-10-28,2024-10-30,2024-11-02,West,Delivered,Not Returned,
ORD0213,Electronics,VendorA,2024-12-18,2024-12-21,2024-12-30,North,Delayed,Returned,Damaged
ORD0214,Books,VendorA,2024-08-15,2024-08-18,2024-08-21,West,Delivered,Not Returned,
ORD0215,Electronics,VendorB,2024-12-21,2024-12-23,2024-12-27,South,Delivered,Returned,Late
ORD0216,Electronics,VendorC,2024-07-17,2024-07-19,2024-07-24,South,Delivered,Not Returned,
ORD0217,Books,VendorA,2024-06-21,2024-06-22,2024-06-25,North,Delivered,Not Returned,
ORD0218,Books,VendorA,2024-08-21,2024-08-23,2024-08-26,North,Delivered,Not Returned,
ORD0219,Books,VendorA,2024-01-28,2024-01-30,2024-02-09,North,Delayed,Returned,Wrong item
ORD0220,Home,VendorA,2024-12-25,2024-12-27,2025-01-03,South,Delayed,Not Returned,
ORD0221,Electronics,VendorA,2024-08-18,2024-08-19,2024-08-22,South,Delivered,Not Returned,
ORD0222,Clothing,VendorB,2024-01-13,2024-01-15,2024-01-22,South,Delayed,Not Returned,
ORD0223,Books,VendorA,2024-02-15,2024-02-17,2024-02-25,East,Delayed,Not Returned,
ORD0224,Electronics,VendorB,2024-11-06,2024-11-07,2024-11-14,West,Delayed,Not Returned,
ORD0225,Books,VendorC,2024-08-08,2024-08-10,2024-08-15,East,Delivered,Not Returned,
ORD0226,Books,VendorC,2024-11-20,2024-11-22,2024-11-29,North,Delayed,Not Returned,
ORD0227,Home,VendorA,2024-12-10,2024-12-12,2024-12-15,North,Delivered,Returned,Late
ORD0228,Beauty,VendorA,2024-03-26,2024-03-29,2024-04-06,East,Delayed,Not Returned,
ORD0229,Beauty,VendorA,2024-05-23,2024-05-26,2024-05-29,East,Delivered,Returned,Late
ORD0230,Beauty,VendorB,2024-03-28,2024-03-30,2024-04-03,East,Delivered,Not Returned,
ORD0231,Beauty,VendorA,2024-01-07,2024-01-08,2024-01-14,West,Delayed,Not Returned,
ORD0232,Clothing,VendorA,2024-12-12,2024-12-14,2024-12-19,East,Delivered,Not Returned,
ORD0233,Home,VendorB,2024-09-04,2024-09-06,2024-09-12,East,Delayed,Not Returned,
ORD0234,Books,VendorB,2024-02-04,2024-02-06,2024-02-14,South,Delayed,Not Returned,
ORD0235,Electronics,VendorC,2024-12-03,2024-12-04,2024-12-07,South,Delivered,Not Returned,
ORD0236,Clothing,VendorC,2024-08-04,2024-08-06,2024-08-14,North,Delayed,Not Returned,
ORD0237,Home,VendorA,2024-05-06,2024-05-07,2024-05-17,East,Delayed,Not Returned,
ORD0238,Electronics,VendorC,2024-08-07,2024-08-08,2024-08-13,North,Delivered,Not Returned,
ORD0239,Electronics,VendorA,2024-09-28,2024-09-30,2024-10-04,East,Delivered,Not Returned,
ORD0240,Beauty,VendorB,2024-11-10,2024-11-13,2024-11-20,West,Delayed,Returned,Wrong item
ORD0241,Home,VendorA,2024-09-01,2024-09-02,2024-09-07,North,Delivered,Not Returned,
ORD0242,Home,VendorA,2024-06-20,2024-06-21,2024-06-27,North,Delayed,Not Returned,
ORD0243,Beauty,VendorB,2024-01-24,2024-01-27,2024-02-03,South,Delayed,Not Returned,
ORD0244,Beauty,VendorA,2024-02-09,2024-02-12,2024-02-18,East,Delayed,Not Returned,
ORD0245,Electronics,VendorC,2024-03-06,2024-03-07,2024-03-13,South,Delayed,Returned,Damaged
ORD0246,Books,VendorB,2024-12-10,2024-12-11,2024-12-14,South,Delivered,Not Returned,
ORD0247,Books,VendorB,2024-09-18,2024-09-19,2024-09-29,East,Delayed,Not Returned,
ORD0248,Clothing,VendorC,2024-12-06,2024-12-09,2024-12-14,West,Delivered,Not Returned,
ORD0249,Beauty,VendorC,2024-02-21,2024-02-22,2024-03-01,South,Delayed,Not Returned,
ORD0250,Clothing,VendorB,2024-02-01,2024-02-04,2024-02-12,South,Delayed,Not Returned,
ORD0251,Electronics,VendorC,2024-02-17,2024-02-19,2024-02-28,West,Delayed,Not Returned,
ORD0252,Beauty,VendorA,2024-09-14,2024-09-15,2024-09-17,North,Delivered,Not Returned,
ORD0253,Electronics,VendorA,2024-10-28,2024-10-30,2024-11-02,North,Delivered,Not Returned,
ORD0254,Electronics,VendorC,2024-09-16,2024-09-17,2024-09-27,West,Delayed,Returned,Late
ORD0255,Clothing,VendorB,2024-02-06,2024-02-08,2024-02-13,North,Delivered,Not Returned,
ORD0256,Electronics,VendorA,2024-09-23,2024-09-26,2024-09-28,East,Delivered,Returned,Wrong item
ORD0257,Books,VendorA,2024-01-12,2024-01-14,2024-01-22,North,Delayed,Not Returned,
ORD0258,Clothing,VendorC,2024-01-17,2024-01-18,2024-01-22,East,Delivered,Not Returned,
ORD0259,Books,VendorA,2024-08-14,2024-08-16,2024-08-19,South,Delivered,Not Returned,
ORD0260,Beauty,VendorB,2024-08-16,2024-08-18,2024-08-25,North,Delayed,Not Returned,
ORD0261,Home,VendorC,2024-12-05,2024-12-07,2024-12-13,East,Delayed,Not Returned,
ORD0262,Books,VendorA,2024-07-06,2024-07-08,2024-07-11,North,Delivered,Not Returned,
ORD0263,Electronics,VendorC,2024-07-11,2024-07-14,2024-07-20,East,Delayed,Not Returned,
ORD0264,Beauty,VendorA,2024-04-21,2024-04-22,2024-04-29,West,Delayed,Returned,Wrong item
ORD0265,Home,VendorB,2024-11-15,2024-11-18,2024-11-27,South,Delayed,Not Returned,
ORD0266,Books,VendorC,2024-02-17,2024-02-18,2024-02-23,East,Delivered,Not Returned,
ORD0267,Electronics,VendorB,2024-12-10,2024-12-13,2024-12-21,North,Delayed,Not Returned,
ORD0268,Home,VendorA,2024-10-24,2024-10-26,2024-11-03,South,Delayed,Not Returned,
ORD0269,Home,VendorA,2024-11-13,2024-11-16,2024-11-23,South,Delayed,Not Returned,
ORD0270,Beauty,VendorB,2024-09-15,2024-09-17,2024-09-26,West,Delayed,Not Returned,
ORD0271,Books,VendorC,2024-08-16,2024-08-17,2024-08-23,South,Delayed,Not Returned,
ORD0272,Clothing,VendorA,2024-09-18,2024-09-21,2024-09-26,East,Delivered,Returned,Late
ORD0273,Electronics,VendorB,2024-01-03,2024-01-05,2024-01-07,West,Delivered,Not Returned,
ORD0274,Clothing,VendorA,2024-05-15,2024-05-18,2024-05-26,South,Delayed,Not Returned,
ORD0275,Clothing,VendorC,2024-09-25,2024-09-27,2024-10-01,South,Delivered,Not Returned,
ORD0276,Home,VendorB,2024-06-07,2024-06-08,2024-06-10,East,Delivered,Returned,No reason
ORD0277,Home,VendorA,2024-04-26,2024-04-28,2024-05-06,North,Delayed,Not Returned,
ORD0278,Electronics,VendorC,2024-04-03,2024-04-04,2024-04-13,West,Delayed,Not Returned,
ORD0279,Beauty,VendorB,2024-01-28,2024-01-30,2024-02-05,West,Delayed,Returned,No reason
ORD0280,Home,VendorB,2024-02-03,2024-02-05,2024-02-09,South,Delivered,Returned,Wrong item
ORD0281,Home,VendorB,2024-01-03,2024-01-05,2024-01-13,West,Delayed,Not Returned,
ORD0282,Electronics,VendorC,2024-05-13,2024-05-14,2024-05-24,West,Delayed,Returned,Wrong item
ORD0283,Beauty,VendorA,2024-12-17,2024-12-20,2024-12-28,North,Delayed,Not Returned,
ORD0284,Electronics,VendorA,2024-05-20,2024-05-22,2024-05-29,West,Delayed,Returned,Late
ORD0285,Clothing,VendorA,2024-12-06,2024-12-08,2024-12-13,South,Delivered,Not Returned,
ORD0286,Books,VendorC,2024-09-21,2024-09-23,2024-10-03,West,Delayed,Not Returned,
ORD0287,Books,VendorC,2024-07-26,2024-07-28,2024-08-05,South,Delayed,Returned,Wrong item
ORD0288,Beauty,VendorC,2024-12-05,2024-12-07,2024-12-09,South,Delivered,Returned,Wrong item
ORD0289,Home,VendorB,2024-08-10,2024-08-12,2024-08-19,North,Delayed,Returned,Late
ORD0290,Home,VendorB,2024-05-03,2024-05-05,2024-05-08,West,Delivered,Not Returned,
ORD0291,Electronics,VendorC,2024-10-25,2024-10-27,2024-11-06,South,Delayed,Not Returned,
ORD0292,Electronics,VendorB,2024-01-14,2024-01-16,2024-01-21,North,Delivered,Not Returned,
ORD0293,Home,VendorA,2024-05-02,2024-05-03,2024-05-06,West,Delivered,Not Returned,
ORD0294,Home,VendorC,2024-12-28,2024-12-29,2025-01-03,South,Delivered,Not Returned,
ORD0295,Beauty,VendorC,2024-11-02,2024-11-05,2024-11-09,South,Delivered,Not Returned,
ORD0296,Electronics,VendorC,2024-10-25,2024-10-27,2024-10-30,East,Delivered,Returned,No reason
ORD0297,Books,VendorC,2024-09-03,2024-09-04,2024-09-14,West,Delayed,Not Returned,
ORD0298,Home,VendorA,2024-12-01,2024-12-04,2024-12-13,West,Delayed,Not Returned,
ORD0299,Beauty,VendorC,2024-04-28,2024-04-30,2024-05-08,South,Delayed,Not Returned,
ORD0300,Beauty,VendorA,2024-03-07,2024-03-10,2024-03-17,South,Delayed,Not Returned,
ORD0301,Beauty,VendorB,2024-05-23,2024-05-25,2024-05-31,East,Delayed,Returned,Late
ORD0302,Beauty,VendorB,2024-10-24,2024-10-27,2024-11-02,South,Delayed,Not Returned,
ORD0303,Home,VendorA,2024-05-21,2024-05-23,2024-05-29,East,Delayed,Not Returned,
ORD0304,Beauty,VendorB,2024-01-28,2024-01-31,2024-02-06,South,Delayed,Not Returned,
ORD0305,Beauty,VendorA,2024-04-02,2024-04-04,2024-04-13,South,Delayed,Not Returned,
ORD0306,Electronics,VendorA,2024-10-21,2024-10-23,2024-10-25,North,Delivered,Not Returned,
ORD0307,Clothing,VendorA,2024-01-02,2024-01-03,2024-01-05,West,Delivered,Not Returned,
ORD0308,Electronics,VendorC,2024-11-23,2024-11-25,2024-12-04,North,Delayed,Not Returned,
ORD0309,Electronics,VendorC,2024-12-23,2024-12-24,2024-12-28,North,Delivered,Returned,No reason
ORD0310,Beauty,VendorC,2024-08-13,2024-08-14,2024-08-22,West,Delayed,Not Returned,
ORD0311,Clothing,VendorC,2024-03-24,2024-03-25,2024-03-31,South,Delayed,Not Returned,
ORD0312,Home,VendorC,2024-04-11,2024-04-14,2024-04-18,East,Delivered,Not Returned,
ORD0313,Clothing,VendorB,2024-10-05,2024-10-06,2024-10-13,East,Delayed,Not Returned,
ORD0314,Electronics,VendorA,2024-12-17,2024-12-20,2024-12-29,South,Delayed,Not Returned,
ORD0315,Electronics,VendorA,2024-02-03,2024-02-04,2024-02-09,North,Delivered,Not Returned,
ORD0316,Home,VendorC,2024-10-23,2024-10-25,2024-10-28,West,Delivered,Not Returned,
ORD0317,Home,VendorB,2024-02-22,2024-02-23,2024-02-29,East,Delayed,Not Returned,
ORD0318,Electronics,VendorA,2024-10-15,2024-10-16,2024-10-25,West,Delayed,Not Returned,
ORD0319,Home,VendorA,2024-11-14,2024-11-16,2024-11-26,West,Delayed,Returned,No reason
ORD0320,Clothing,VendorB,2024-03-14,2024-03-15,2024-03-24,East,Delayed,Not Returned,
ORD0321,Beauty,VendorB,2024-07-17,2024-07-18,2024-07-21,West,Delivered,Not Returned,
ORD0322,Books,VendorB,2024-08-14,2024-08-17,2024-08-25,South,Delayed,Not Returned,
ORD0323,Home,VendorC,2024-11-25,2024-11-27,2024-11-30,South,Delivered,Returned,Damaged
ORD0324,Beauty,VendorA,2024-03-23,2024-03-24,2024-03-31,West,Delayed,Not Returned,
ORD0325,Home,VendorC,2024-03-22,2024-03-25,2024-04-02,North,Delayed,Not Returned,
ORD0326,Beauty,VendorC,2024-05-15,2024-05-17,2024-05-26,North,Delayed,Not Returned,
ORD0327,Clothing,VendorA,2024-04-08,2024-04-11,2024-04-14,West,Delivered,Not Returned,
ORD0328,Beauty,VendorA,2024-07-27,2024-07-30,2024-08-02,West,Delivered,Not Returned,
ORD0329,Electronics,VendorB,2024-04-22,2024-04-24,2024-05-01,North,Delayed,Not Returned,
ORD0330,Books,VendorA,2024-09-20,2024-09-23,2024-09-27,South,Delivered,Not Returned,
ORD0331,Books,VendorB,2024-04-15,2024-04-16,2024-04-21,North,Delivered,Not Returned,
ORD0332,Home,VendorA,2024-06-21,2024-06-23,2024-07-02,North,Delayed,Returned,Wrong item
ORD0333,Books,VendorA,2024-04-17,2024-04-20,2024-04-28,West,Delayed,Not Returned,
ORD0334,Clothing,VendorC,2024-10-23,2024-10-25,2024-11-03,East,Delayed,Not Returned,
ORD0335,Books,VendorB,2024-12-28,2024-12-31,2025-01-02,West,Delivered,Not Returned,
ORD0336,Books,VendorA,2024-12-26,2024-12-28,2025-01-03,West,Delayed,Not Returned,
ORD0337,Electronics,VendorC,2024-07-17,2024-07-20,2024-07-22,West,Delivered,Returned,No reason
ORD0338,Beauty,VendorA,2024-11-15,2024-11-18,2024-11-28,North,Delayed,Not Returned,
ORD0339,Home,VendorC,2024-06-04,2024-06-07,2024-06-14,East,Delayed,Not Returned,
ORD0340,Clothing,VendorB,2024-09-26,2024-09-27,2024-10-07,East,Delayed,Not Returned,
ORD0341,Electronics,VendorC,2024-11-17,2024-11-19,2024-11-26,North,Delayed,Not Returned,
ORD0342,Books,VendorA,2024-03-21,2024-03-24,2024-03-28,North,Delivered,Not Returned,
ORD0343,Beauty,VendorB,2024-05-20,2024-05-21,2024-05-27,South,Delayed,Not Returned,
ORD0344,Electronics,VendorB,2024-04-07,2024-04-10,2024-04-13,North,Delivered,Not Returned,
ORD0345,Home,VendorA,2024-06-14,2024-06-15,2024-06-20,South,Delivered,Not Returned,
ORD0346,Books,VendorC,2024-08-12,2024-08-14,2024-08-21,West,Delayed,Not Returned,
ORD0347,Home,VendorA,2024-08-10,2024-08-12,2024-08-22,North,Delayed,Not Returned,
ORD0348,Books,VendorA,2024-04-24,2024-04-27,2024-05-02,North,Delivered,Not Returned,
ORD0349,Clothing,VendorC,2024-04-18,2024-04-19,2024-04-27,West,Delayed,Returned,Late
ORD0350,Electronics,VendorA,2024-08-15,2024-08-18,2024-08-24,South,Delayed,Returned,No reason
ORD0351,Beauty,VendorA,2024-05-18,2024-05-19,2024-05-23,East,Delivered,Not Returned,
ORD0352,Clothing,VendorA,2024-03-25,2024-03-26,2024-04-05,West,Delayed,Returned,Damaged
ORD0353,Electronics,VendorA,2024-10-25,2024-10-28,2024-11-04,North,Delayed,Not Returned,
ORD0354,Electronics,VendorA,2024-02-28,2024-03-01,2024-03-11,South,Delayed,Not Returned,
ORD0355,Beauty,VendorA,2024-06-14,2024-06-16,2024-06-19,South,Delivered,Not Returned,
ORD0356,Books,VendorA,2024-06-16,2024-06-17,2024-06-20,East,Delivered,Returned,No reason
ORD0357,Clothing,VendorC,2024-06-12,2024-06-15,2024-06-24,West,Delayed,Returned,Late
ORD0358,Home,VendorB,2024-03-17,2024-03-20,2024-03-26,West,Delayed,Returned,Late
ORD0359,Books,VendorA,2024-06-15,2024-06-16,2024-06-23,North,Delayed,Returned,Wrong item
ORD0360,Books,VendorA,2024-08-26,2024-08-28,2024-08-30,South,Delivered,Returned,Damaged
ORD0361,Electronics,VendorC,2024-04-03,2024-04-05,2024-04-13,South,Delayed,Not Returned,
ORD0362,Clothing,VendorA,2024-11-19,2024-11-20,2024-11-24,West,Delivered,Returned,No reason
ORD0363,Clothing,VendorB,2024-05-21,2024-05-24,2024-06-03,West,Delayed,Not Returned,
ORD0364,Beauty,VendorC,2024-04-06,2024-04-08,2024-04-16,East,Delayed,Not Returned,
ORD0365,Beauty,VendorC,2024-02-11,2024-02-13,2024-02-15,North,Delivered,Not Returned,
ORD0366,Electronics,VendorC,2024-04-06,2024-04-08,2024-04-15,South,Delayed,Not Returned,
ORD0367,Beauty,VendorB,2024-07-16,2024-07-17,2024-07-25,West,Delayed,Returned,Wrong item
ORD0368,Electronics,VendorC,2024-12-06,2024-12-08,2024-12-16,North,Delayed,Returned,Damaged
ORD0369,Home,VendorA,2024-04-25,2024-04-27,2024-05-03,North,Delayed,Not Returned,
ORD0370,Home,VendorA,2024-04-06,2024-04-08,2024-04-15,East,Delayed,Not Returned,
ORD0371,Books,VendorB,2024-02-15,2024-02-16,2024-02-22,South,Delayed,Not Returned,
ORD0372,Home,VendorB,2024-05-28,2024-05-30,2024-06-01,North,Delivered,Not Returned,
ORD0373,Electronics,VendorA,2024-03-15,2024-03-17,2024-03-27,West,Delayed,Not Returned,
ORD0374,Clothing,VendorB,2024-11-15,2024-11-18,2024-11-22,East,Delivered,Returned,Damaged
ORD0375,Home,VendorA,2024-08-24,2024-08-27,2024-09-04,West,Delayed,Returned,No reason
ORD0376,Electronics,VendorC,2024-07-23,2024-07-26,2024-07-30,South,Delivered,Not Returned,
ORD0377,Home,VendorB,2024-05-03,2024-05-04,2024-05-10,West,Delayed,Not Returned,
ORD0378,Beauty,VendorC,2024-12-17,2024-12-20,2024-12-30,South,Delayed,Not Returned,
ORD0379,Home,VendorA,2024-03-01,2024-03-03,2024-03-11,West,Delayed,Returned,Wrong item
ORD0380,Clothing,VendorB,2024-03-19,2024-03-21,2024-03-26,East,Delivered,Returned,No reason
ORD0381,Books,VendorB,2024-06-16,2024-06-17,2024-06-21,East,Delivered,Not Returned,
ORD0382,Electronics,VendorC,2024-09-28,2024-09-29,2024-10-07,West,Delayed,Not Returned,
ORD0383,Beauty,VendorA,2024-07-25,2024-07-28,2024-08-02,West,Delivered,Returned,Wrong item
ORD0384,Home,VendorA,2024-08-17,2024-08-19,2024-08-29,South,Delayed,Returned,No reason
ORD0385,Electronics,VendorC,2024-11-21,2024-11-24,2024-12-04,West,Delayed,Not Returned,
ORD0386,Electronics,VendorC,2024-12-08,2024-12-10,2024-12-20,East,Delayed,Not Returned,
ORD0387,Home,VendorC,2024-07-16,2024-07-17,2024-07-19,East,Delivered,Not Returned,
ORD0388,Beauty,VendorC,2024-02-21,2024-02-24,2024-03-01,West,Delayed,Returned,No reason
ORD0389,Home,VendorC,2024-01-21,2024-01-22,2024-02-01,North,Delayed,Not Returned,
ORD0390,Home,VendorB,2024-02-24,2024-02-25,2024-03-05,West,Delayed,Not Returned,
ORD0391,Beauty,VendorC,2024-09-19,2024-09-21,2024-09-26,South,Delivered,Not Returned,
ORD0392,Home,VendorB,2024-04-25,2024-04-26,2024-04-30,West,Delivered,Not Returned,
ORD0393,Electronics,VendorA,2024-03-22,2024-03-24,2024-04-02,West,Delayed,Not Returned,
ORD0394,Electronics,VendorA,2024-07-06,2024-07-08,2024-07-15,West,Delayed,Not Returned,
ORD0395,Clothing,VendorA,2024-06-26,2024-06-29,2024-07-08,North,Delayed,Not Returned,
ORD0396,Home,VendorA,2024-01-03,2024-01-05,2024-01-09,North,Delivered,Not Returned,
ORD0397,Books,VendorA,2024-06-17,2024-06-19,2024-06-21,South,Delivered,Not Returned,
ORD0398,Clothing,VendorC,2024-07-21,2024-07-22,2024-07-24,South,Delivered,Not Returned,
ORD0399,Beauty,VendorC,2024-09-09,2024-09-10,2024-09-12,East,Delivered,Not Returned,
ORD0400,Books,VendorB,2024-07-23,2024-07-24,2024-08-01,East,Delayed,Not Returned,
ORD0401,Books,VendorA,2024-11-13,2024-11-16,2024-11-18,North,Delivered,Not Returned,
ORD0402,Beauty,VendorA,2024-12-16,2024-12-17,2024-12-25,East,Delayed,Not Returned,
ORD0403,Clothing,VendorB,2024-07-13,2024-07-16,2024-07-24,South,Delayed,Returned,No reason
ORD0404,Books,VendorC,2024-04-01,2024-04-04,2024-04-09,West,Delivered,Not Returned,
ORD0405,Books,VendorC,2024-08-20,2024-08-21,2024-08-23,North,Delivered,Not Returned,
ORD0406,Books,VendorC,2024-07-02,2024-07-05,2024-07-15,North,Delayed,Not Returned,
ORD0407,Electronics,VendorC,2024-10-14,2024-10-16,2024-10-20,West,Delivered,Not Returned,
ORD0408,Books,VendorB,2024-03-20,2024-03-22,2024-03-28,West,Delayed,Not Returned,
ORD0409,Beauty,VendorC,2024-02-17,2024-02-18,2024-02-22,South,Delivered,Not Returned,
ORD0410,Electronics,VendorC,2024-05-21,2024-05-23,2024-05-25,West,Delivered,Not Returned,
ORD0411,Home,VendorC,2024-09-06,2024-09-07,2024-09-14,North,Delayed,Not Returned,
ORD0412,Home,VendorB,2024-07-09,2024-07-10,2024-07-17,West,Delayed,Not Returned,
ORD0413,Books,VendorB,2024-03-03,2024-03-06,2024-03-16,East,Delayed,Not Returned,
ORD0414,Home,VendorA,2024-09-22,2024-09-23,2024-10-02,East,Delayed,Not Returned,
ORD0415,Books,VendorA,2024-04-05,2024-04-06,2024-04-08,South,Delivered,Not Returned,
ORD0416,Beauty,VendorB,2024-12-18,2024-12-21,2024-12-23,West,Delivered,Returned,No reason
ORD0417,Beauty,VendorB,2024-04-24,2024-04-26,2024-04-28,North,Delivered,Returned,Damaged
ORD0418,Home,VendorB,2024-08-24,2024-08-27,2024-08-31,East,Delivered,Not Returned,
ORD0419,Beauty,VendorC,2024-06-11,2024-06-14,2024-06-18,North,Delivered,Returned,Late
ORD0420,Beauty,VendorC,2024-10-05,2024-10-07,2024-10-13,East,Delayed,Not Returned,
ORD0421,Beauty,VendorC,2024-06-04,2024-06-06,2024-06-16,East,Delayed,Not Returned,
ORD0422,Beauty,VendorA,2024-04-17,2024-04-18,2024-04-25,North,Delayed,Not Returned,
ORD0423,Books,VendorC,2024-02-13,2024-02-15,2024-02-21,South,Delayed,Not Returned,
ORD0424,Home,VendorA,2024-02-13,2024-02-16,2024-02-18,West,Delivered,Not Returned,
ORD0425,Beauty,VendorC,2024-11-07,2024-11-10,2024-11-12,North,Delivered,Not Returned,
ORD0426,Clothing,VendorB,2024-02-11,2024-02-14,2024-02-16,North,Delivered,Not Returned,
ORD0427,Home,VendorA,2024-08-26,2024-08-29,2024-09-04,North,Delayed,Not Returned,
ORD0428,Beauty,VendorB,2024-05-04,2024-05-06,2024-05-10,East,Delivered,Returned,Late
ORD0429,Home,VendorA,2024-06-13,2024-06-16,2024-06-23,North,Delayed,Returned,Late
ORD0430,Clothing,VendorB,2024-08-20,2024-08-21,2024-08-28,East,Delayed,Returned,Late
ORD0431,Books,VendorC,2024-07-26,2024-07-28,2024-07-30,West,Delivered,Not Returned,
ORD0432,Books,VendorB,2024-09-19,2024-09-21,2024-09-23,West,Delivered,Not Returned,
ORD0433,Books,VendorC,2024-03-15,2024-03-18,2024-03-23,North,Delivered,Not Returned,
ORD0434,Electronics,VendorC,2024-08-20,2024-08-21,2024-08-23,East,Delivered,Not Returned,
ORD0435,Beauty,VendorC,2024-06-03,2024-06-06,2024-06-12,East,Delayed,Not Returned,
ORD0436,Clothing,VendorB,2024-02-22,2024-02-23,2024-03-01,West,Delayed,Not Returned,
ORD0437,Electronics,VendorB,2024-05-16,2024-05-18,2024-05-28,East,Delayed,Not Returned,
ORD0438,Books,VendorA,2024-03-19,2024-03-21,2024-03-30,West,Delayed,Not Returned,
ORD0439,Beauty,VendorA,2024-09-05,2024-09-06,2024-09-12,East,Delayed,Returned,No reason
ORD0440,Electronics,VendorB,2024-01-04,2024-01-07,2024-01-10,South,Delivered,Returned,Late
ORD0441,Home,VendorA,2024-04-06,2024-04-09,2024-04-13,North,Delivered,Not Returned,
ORD0442,Clothing,VendorA,2024-02-13,2024-02-14,2024-02-18,East,Delivered,Not Returned,
ORD0443,Home,VendorB,2024-02-10,2024-02-12,2024-02-15,East,Delivered,Returned,Damaged
ORD0444,Books,VendorB,2024-03-08,2024-03-11,2024-03-20,North,Delayed,Not Returned,
ORD0445,Beauty,VendorA,2024-07-21,2024-07-24,2024-07-26,North,Delivered,Not Returned,
ORD0446,Electronics,VendorC,2024-03-21,2024-03-24,2024-04-03,East,Delayed,Not Returned,
ORD0447,Clothing,VendorB,2024-10-10,2024-10-12,2024-10-17,South,Delivered,Not Returned,
ORD0448,Home,VendorA,2024-12-14,2024-12-15,2024-12-24,East,Delayed,Not Returned,
ORD0449,Clothing,VendorB,2024-07-08,2024-07-10,2024-07-18,East,Delayed,Returned,Wrong item
ORD0450,Beauty,VendorB,2024-11-09,2024-11-10,2024-11-20,South,Delayed,Returned,Wrong item
ORD0451,Electronics,VendorB,2024-06-06,2024-06-07,2024-06-15,North,Delayed,Not Returned,
ORD0452,Books,VendorA,2024-12-25,2024-12-26,2025-01-05,East,Delayed,Not Returned,
ORD0453,Electronics,VendorB,2024-02-12,2024-02-14,2024-02-18,West,Delivered,Not Returned,
ORD0454,Clothing,VendorA,2024-08-12,2024-08-15,2024-08-21,North,Delayed,Returned,Late
ORD0455,Beauty,VendorA,2024-12-27,2024-12-28,2025-01-06,East,Delayed,Not Returned,
ORD0456,Electronics,VendorB,2024-05-01,2024-05-04,2024-05-06,North,Delivered,Not Returned,
ORD0457,Clothing,VendorA,2024-05-20,2024-05-23,2024-05-27,North,Delivered,Not Returned,
ORD0458,Clothing,VendorB,2024-06-16,2024-06-19,2024-06-29,East,Delayed,Not Returned,
ORD0459,Beauty,VendorC,2024-12-09,2024-12-12,2024-12-22,South,Delayed,Returned,Damaged
ORD0460,Electronics,VendorA,2024-09-09,2024-09-11,2024-09-18,East,Delayed,Not Returned,
ORD0461,Home,VendorB,2024-02-09,2024-02-12,2024-02-17,West,Delivered,Not Returned,
ORD0462,Beauty,VendorC,2024-12-21,2024-12-23,2024-12-30,East,Delayed,Not Returned,
ORD0463,Home,VendorC,2024-09-17,2024-09-19,2024-09-26,North,Delayed,Not Returned,
ORD0464,Clothing,VendorB,2024-10-14,2024-10-15,2024-10-21,North,Delayed,Not Returned,
ORD0465,Electronics,VendorB,2024-04-14,2024-04-16,2024-04-20,West,Delivered,Not Returned,
ORD0466,Electronics,VendorC,2024-08-11,2024-08-12,2024-08-17,West,Delivered,Returned,Wrong item
ORD0467,Electronics,VendorB,2024-01-08,2024-01-10,2024-01-17,North,Delayed,Returned,Late
ORD0468,Clothing,VendorC,2024-06-07,2024-06-08,2024-06-18,West,Delayed,Not Returned,
ORD0469,Home,VendorC,2024-09-12,2024-09-15,2024-09-21,East,Delayed,Not Returned,
ORD0470,Beauty,VendorB,2024-09-11,2024-09-12,2024-09-20,East,Delayed,Not Returned,
ORD0471,Clothing,VendorA,2024-04-08,2024-04-11,2024-04-21,East,Delayed,Not Returned,
ORD0472,Electronics,VendorC,2024-12-23,2024-12-25,2024-12-30,North,Delivered,Not Returned,
ORD0473,Books,VendorB,2024-08-20,2024-08-22,2024-08-29,West,Delayed,Not Returned,
ORD0474,Beauty,VendorC,2024-07-10,2024-07-11,2024-07-21,East,Delayed,Not Returned,
ORD0475,Home,VendorB,2024-05-08,2024-05-11,2024-05-13,West,Delivered,Not Returned,
ORD0476,Clothing,VendorA,2024-06-28,2024-06-29,2024-07-09,South,Delayed,Not Returned,
ORD0477,Books,VendorB,2024-05-20,2024-05-21,2024-05-30,East,Delayed,Returned,Wrong item
ORD0478,Clothing,VendorB,2024-10-21,2024-10-23,2024-10-29,South,Delayed,Not Returned,
ORD0479,Books,VendorA,2024-03-06,2024-03-07,2024-03-16,North,Delayed,Not Returned,
ORD0480,Books,VendorC,2024-11-13,2024-11-15,2024-11-22,South,Delayed,Returned,No reason
ORD0481,Books,VendorC,2024-09-12,2024-09-15,2024-09-21,East,Delayed,Not Returned,
ORD0482,Beauty,VendorC,2024-06-22,2024-06-24,2024-07-01,North,Delayed,Returned,Late
ORD0483,Clothing,VendorC,2024-02-17,2024-02-20,2024-02-26,West,Delayed,Not Returned,
ORD0484,Electronics,VendorC,2024-10-08,2024-10-10,2024-10-15,East,Delivered,Not Returned,
ORD0485,Home,VendorA,2024-01-27,2024-01-29,2024-02-05,North,Delayed,Not Returned,
ORD0486,Home,VendorB,2024-10-04,2024-10-05,2024-10-11,East,Delayed,Not Returned,
ORD0487,Electronics,VendorA,2024-08-16,2024-08-19,2024-08-26,East,Delayed,Not Returned,
ORD0488,Books,VendorB,2024-12-13,2024-12-14,2024-12-19,East,Delivered,Not Returned,
ORD0489,Home,VendorA,2024-01-25,2024-01-26,2024-02-03,South,Delayed,Not Returned,
ORD0490,Electronics,VendorB,2024-03-03,2024-03-04,2024-03-12,North,Delayed,Not Returned,
ORD0491,Clothing,VendorA,2024-04-20,2024-04-21,2024-04-24,South,Delivered,Not Returned,
ORD0492,Electronics,VendorA,2024-10-13,2024-10-16,2024-10-26,South,Delayed,Returned,Wrong item
ORD0493,Beauty,VendorC,2024-02-24,2024-02-25,2024-03-06,West,Delayed,Not Returned,
ORD0494,Home,VendorC,2024-03-21,2024-03-24,2024-03-28,East,Delivered,Not Returned,
ORD0495,Home,VendorC,2024-07-07,2024-07-09,2024-07-18,South,Delayed,Not Returned,
ORD0496,Electronics,VendorC,2024-04-15,2024-04-17,2024-04-22,West,Delivered,Not Returned,
ORD0497,Clothing,VendorC,2024-07-14,2024-07-16,2024-07-26,East,Delayed,Not Returned,
ORD0498,Beauty,VendorB,2024-05-01,2024-05-04,2024-05-13,North,Delayed,Not Returned,
ORD0499,Electronics,VendorC,2024-08-24,2024-08-26,2024-08-31,North,Delivered,Returned,Damaged
ORD0500,Beauty,VendorB,2024-08-20,2024-08-23,2024-08-29,North,Delayed,Not Returned,
ORD0501,Beauty,VendorA,2024-09-25,2024-09-27,2024-10-04,West,Delayed,Returned,Wrong item
ORD0502,Books,VendorC,2024-03-19,2024-03-21,2024-03-26,West,Delivered,Not Returned,
ORD0503,Beauty,VendorA,2024-09-05,2024-09-06,2024-09-14,West,Delayed,Not Returned,
ORD0504,Books,VendorC,2024-11-19,2024-11-21,2024-12-01,South,Delayed,Not Returned,
ORD0505,Electronics,VendorC,2024-04-07,2024-04-09,2024-04-15,East,Delayed,Not Returned,
ORD0506,Electronics,VendorA,2024-10-10,2024-10-13,2024-10-16,East,Delivered,Not Returned,
ORD0507,Home,VendorC,2024-10-22,2024-10-23,2024-10-25,North,Delivered,Not Returned,
ORD0508,Electronics,VendorC,2024-11-21,2024-11-22,2024-11-29,West,Delayed,Not Returned,
ORD0509,Books,VendorB,2024-01-09,2024-01-12,2024-01-21,North,Delayed,Returned,Late
ORD0510,Books,VendorA,2024-07-26,2024-07-29,2024-08-08,North,Delayed,Not Returned,
ORD0511,Beauty,VendorC,2024-09-13,2024-09-15,2024-09-22,North,Delayed,Not Returned,
ORD0512,Electronics,VendorC,2024-01-12,2024-01-15,2024-01-23,South,Delayed,Not Returned,
ORD0513,Books,VendorB,2024-04-04,2024-04-06,2024-04-08,South,Delivered,Returned,No reason
ORD0514,Books,VendorA,2024-01-14,2024-01-16,2024-01-24,East,Delayed,Not Returned,
ORD0515,Beauty,VendorA,2024-06-25,2024-06-26,2024-06-28,North,Delivered,Not Returned,
ORD0516,Books,VendorC,2024-11-16,2024-11-18,2024-11-27,West,Delayed,Returned,No reason
ORD0517,Home,VendorC,2024-11-11,2024-11-13,2024-11-23,South,Delayed,Returned,No reason
ORD0518,Books,VendorB,2024-08-22,2024-08-25,2024-09-04,West,Delayed,Not Returned,
ORD0519,Home,VendorA,2024-07-19,2024-07-22,2024-07-25,North,Delivered,Not Returned,
ORD0520,Electronics,VendorB,2024-12-21,2024-12-24,2024-12-30,North,Delayed,Not Returned,
ORD0521,Electronics,VendorB,2024-05-25,2024-05-27,2024-06-02,South,Delayed,Returned,Late
ORD0522,Home,VendorA,2024-09-19,2024-09-21,2024-09-27,North,Delayed,Returned,Wrong item
ORD0523,Beauty,VendorA,2024-04-22,2024-04-25,2024-05-03,West,Delayed,Returned,Late
ORD0524,Beauty,VendorB,2024-02-10,2024-02-11,2024-02-21,North,Delayed,Returned,Wrong item
ORD0525,Electronics,VendorA,2024-02-06,2024-02-08,2024-02-14,South,Delayed,Not Returned,
ORD0526,Home,VendorC,2024-10-20,2024-10-21,2024-10-23,East,Delivered,Not Returned,
ORD0527,Clothing,VendorB,2024-03-10,2024-03-12,2024-03-22,South,Delayed,Not Returned,
ORD0528,Home,VendorC,2024-06-26,2024-06-29,2024-07-07,North,Delayed,Returned,Damaged
ORD0529,Beauty,VendorB,2024-06-20,2024-06-23,2024-06-28,South,Delivered,Returned,Wrong item
ORD0530,Electronics,VendorC,2024-03-06,2024-03-09,2024-03-19,West,Delayed,Not Returned,
ORD0531,Clothing,VendorA,2024-11-28,2024-11-30,2024-12-05,South,Delivered,Not Returned,
ORD0532,Beauty,VendorC,2024-05-15,2024-05-18,2024-05-25,West,Delayed,Not Returned,
ORD0533,Electronics,VendorA,2024-06-04,2024-06-06,2024-06-16,West,Delayed,Returned,Damaged
ORD0534,Clothing,VendorA,2024-07-17,2024-07-18,2024-07-23,North,Delivered,Not Returned,
ORD0535,Books,VendorB,2024-10-06,2024-10-08,2024-10-10,South,Delivered,Not Returned,
ORD0536,Home,VendorC,2024-03-20,2024-03-23,2024-03-29,East,Delayed,Not Returned,
ORD0537,Electronics,VendorC,2024-04-27,2024-04-28,2024-05-02,North,Delivered,Not Returned,
ORD0538,Electronics,VendorA,2024-09-10,2024-09-12,2024-09-17,East,Delivered,Not Returned,
ORD0539,Beauty,VendorC,2024-04-15,2024-04-18,2024-04-20,West,Delivered,Not Returned,
ORD0540,Clothing,VendorA,2024-02-08,2024-02-11,2024-02-14,East,Delivered,Not Returned,
ORD0541,Books,VendorC,2024-02-16,2024-02-19,2024-02-22,East,Delivered,Not Returned,
ORD0542,Books,VendorB,2024-08-14,2024-08-17,2024-08-24,West,Delayed,Not Returned,
ORD0543,Books,VendorA,2024-03-14,2024-03-16,2024-03-18,East,Delivered,Not Returned,
ORD0544,Clothing,VendorC,2024-01-28,2024-01-29,2024-02-05,North,Delayed,Not Returned,
ORD0545,Home,VendorB,2024-02-26,2024-02-29,2024-03-07,West,Delayed,Not Returned,
ORD0546,Books,VendorB,2024-11-05,2024-11-08,2024-11-11,North,Delivered,Not Returned,
ORD0547,Electronics,VendorC,2024-04-22,2024-04-25,2024-05-02,East,Delayed,Returned,No reason
ORD0548,Beauty,VendorA,2024-06-18,2024-06-19,2024-06-21,North,Delivered,Not Returned,
ORD0549,Beauty,VendorC,2024-01-10,2024-01-11,2024-01-14,West,Delivered,Not Returned,
ORD0550,Home,VendorC,2024-03-03,2024-03-04,2024-03-06,West,Delivered,Not Returned,
ORD0551,Clothing,VendorA,2024-10-23,2024-10-24,2024-10-30,North,Delayed,Not Returned,
ORD0552,Clothing,VendorA,2024-07-14,2024-07-17,2024-07-23,South,Delayed,Not Returned,
ORD0553,Books,VendorA,2024-10-07,2024-10-08,2024-10-10,East,Delivered,Returned,Damaged
ORD0554,Electronics,VendorC,2024-07-22,2024-07-23,2024-07-30,West,Delayed,Not Returned,
ORD0555,Beauty,VendorC,2024-03-25,2024-03-28,2024-04-04,North,Delayed,Not Returned,
ORD0556,Beauty,VendorB,2024-04-15,2024-04-18,2024-04-20,North,Delivered,Not Returned,
ORD0557,Electronics,VendorB,2024-06-12,2024-06-14,2024-06-21,East,Delayed,Not Returned,
ORD0558,Electronics,VendorB,2024-10-19,2024-10-21,2024-10-25,West,Delivered,Not Returned,
ORD0559,Books,VendorB,2024-11-14,2024-11-17,2024-11-25,East,Delayed,Not Returned,
ORD0560,Electronics,VendorC,2024-12-24,2024-12-27,2025-01-06,East,Delayed,Not Returned,
ORD0561,Clothing,VendorC,2024-10-08,2024-10-11,2024-10-13,North,Delivered,Not Returned,
ORD0562,Beauty,VendorA,2024-06-01,2024-06-03,2024-06-05,East,Delivered,Not Returned,
ORD0563,Electronics,VendorC,2024-08-26,2024-08-27,2024-09-04,East,Delayed,Returned,Wrong item
ORD0564,Electronics,VendorC,2024-10-17,2024-10-20,2024-10-26,North,Delayed,Not Returned,
ORD0565,Clothing,VendorA,2024-11-03,2024-11-06,2024-11-12,South,Delayed,Not Returned,
ORD0566,Electronics,VendorC,2024-12-09,2024-12-10,2024-12-20,West,Delayed,Not Returned,
ORD0567,Books,VendorC,2024-03-22,2024-03-23,2024-03-31,South,Delayed,Not Returned,
ORD0568,Electronics,VendorB,2024-09-13,2024-09-16,2024-09-20,East,Delivered,Returned,Wrong item
ORD0569,Electronics,VendorC,2024-02-08,2024-02-10,2024-02-17,West,Delayed,Not Returned,
ORD0570,Beauty,VendorB,2024-04-25,2024-04-26,2024-04-29,East,Delivered,Not Returned,
ORD0571,Books,VendorC,2024-04-27,2024-04-29,2024-05-03,South,Delivered,Not Returned,
ORD0572,Electronics,VendorA,2024-04-27,2024-04-30,2024-05-03,West,Delivered,Not Returned,
ORD0573,Electronics,VendorA,2024-12-02,2024-12-03,2024-12-12,South,Delayed,Not Returned,
ORD0574,Home,VendorA,2024-10-05,2024-10-06,2024-10-14,East,Delayed,Not Returned,
ORD0575,Home,VendorB,2024-05-19,2024-05-20,2024-05-28,North,Delayed,Not Returned,
ORD0576,Clothing,VendorB,2024-10-17,2024-10-20,2024-10-24,North,Delivered,Not Returned,
ORD0577,Books,VendorA,2024-05-22,2024-05-24,2024-05-31,West,Delayed,Not Returned,
ORD0578,Clothing,VendorC,2024-11-02,2024-11-04,2024-11-06,South,Delivered,Not Returned,
ORD0579,Electronics,VendorC,2024-07-18,2024-07-20,2024-07-22,East,Delivered,Not Returned,
ORD0580,Home,VendorA,2024-06-03,2024-06-05,2024-06-07,South,Delivered,Not Returned,
ORD0581,Home,VendorC,2024-11-04,2024-11-07,2024-11-14,East,Delayed,Returned,Damaged
ORD0582,Electronics,VendorA,2024-06-24,2024-06-26,2024-07-02,North,Delayed,Not Returned,
ORD0583,Beauty,VendorB,2024-06-06,2024-06-07,2024-06-13,South,Delayed,Not Returned,
ORD0584,Beauty,VendorC,2024-06-25,2024-06-27,2024-07-06,West,Delayed,Not Returned,
ORD0585,Beauty,VendorB,2024-06-18,2024-06-20,2024-06-29,West,Delayed,Not Returned,
ORD0586,Books,VendorC,2024-11-20,2024-11-23,2024-11-27,East,Delivered,Not Returned,
ORD0587,Books,VendorB,2024-01-03,2024-01-06,2024-01-12,East,Delayed,Not Returned,
ORD0588,Clothing,VendorA,2024-12-16,2024-12-17,2024-12-21,West,Delivered,Returned,Late
ORD0589,Beauty,VendorA,2024-04-23,2024-04-26,2024-04-30,North,Delivered,Not Returned,
ORD0590,Books,VendorC,2024-10-19,2024-10-20,2024-10-25,South,Delivered,Not Returned,
ORD0591,Books,VendorB,2024-10-11,2024-10-12,2024-10-17,South,Delivered,Not Returned,
ORD0592,Home,VendorB,2024-07-28,2024-07-29,2024-08-04,West,Delayed,Not Returned,
ORD0593,Books,VendorC,2024-06-17,2024-06-19,2024-06-24,North,Delivered,Not Returned,
ORD0594,Books,VendorA,2024-02-27,2024-03-01,2024-03-08,West,Delayed,Not Returned,
ORD0595,Clothing,VendorB,2024-05-23,2024-05-24,2024-06-03,East,Delayed,Not Returned,
ORD0596,Clothing,VendorC,2024-01-07,2024-01-08,2024-01-17,North,Delayed,Not Returned,
ORD0597,Books,VendorC,2024-02-20,2024-02-22,2024-02-24,West,Delivered,Not Returned,
ORD0598,Clothing,VendorB,2024-08-22,2024-08-24,2024-08-31,North,Delayed,Not Returned,
ORD0599,Clothing,VendorC,2024-02-05,2024-02-06,2024-02-13,West,Delayed,Not Returned,
ORD0600,Beauty,VendorB,2024-12-08,2024-12-11,2024-12-18,South,Delayed,Not Returned,
ORD0601,Books,VendorC,2024-01-20,2024-01-23,2024-01-31,West,Delayed,Not Returned,
ORD0602,Electronics,VendorC,2024-11-21,2024-11-24,2024-12-03,East,Delayed,Not Returned,
ORD0603,Electronics,VendorC,2024-04-05,2024-04-07,2024-04-09,East,Delivered,Not Returned,
ORD0604,Electronics,VendorA,2024-05-14,2024-05-17,2024-05-23,West,Delayed,Not Returned,
ORD0605,Clothing,VendorB,2024-10-19,2024-10-21,2024-10-24,East,Delivered,Returned,No reason
ORD0606,Beauty,VendorC,2024-04-18,2024-04-20,2024-04-29,North,Delayed,Returned,No reason
ORD0607,Beauty,VendorB,2024-09-08,2024-09-11,2024-09-20,West,Delayed,Not Returned,
ORD0608,Beauty,VendorA,2024-12-10,2024-12-13,2024-12-15,South,Delivered,Not Returned,
ORD0609,Clothing,VendorC,2024-06-04,2024-06-07,2024-06-10,East,Delivered,Not Returned,
ORD0610,Clothing,VendorB,2024-11-28,2024-11-30,2024-12-06,West,Delayed,Not Returned,
ORD0611,Clothing,VendorA,2024-03-12,2024-03-14,2024-03-22,East,Delayed,Returned,Late
ORD0612,Clothing,VendorC,2024-10-21,2024-10-23,2024-11-02,West,Delayed,Returned,Damaged
ORD0613,Electronics,VendorA,2024-08-17,2024-08-20,2024-08-28,West,Delayed,Not Returned,
ORD0614,Electronics,VendorC,2024-04-26,2024-04-29,2024-05-05,West,Delayed,Not Returned,
ORD0615,Clothing,VendorC,2024-12-06,2024-12-09,2024-12-17,East,Delayed,Returned,No reason
ORD0616,Electronics,VendorA,2024-04-27,2024-04-28,2024-05-07,South,Delayed,Returned,Damaged
ORD0617,Electronics,VendorA,2024-03-13,2024-03-14,2024-03-21,West,Delayed,Not Returned,
ORD0618,Beauty,VendorB,2024-11-06,2024-11-09,2024-11-16,East,Delayed,Not Returned,
ORD0619,Beauty,VendorB,2024-12-03,2024-12-04,2024-12-11,West,Delayed,Not Returned,
ORD0620,Books,VendorB,2024-07-08,2024-07-10,2024-07-20,East,Delayed,Not Returned,
ORD0621,Electronics,VendorC,2024-11-12,2024-11-13,2024-11-19,South,Delayed,Returned,Damaged
ORD0622,Beauty,VendorC,2024-05-26,2024-05-29,2024-06-05,South,Delayed,Not Returned,
ORD0623,Electronics,VendorC,2024-02-17,2024-02-18,2024-02-20,North,Delivered,Returned,Damaged
ORD0624,Beauty,VendorC,2024-01-24,2024-01-26,2024-02-04,South,Delayed,Not Returned,
ORD0625,Electronics,VendorA,2024-08-08,2024-08-11,2024-08-19,West,Delayed,Returned,No reason
ORD0626,Beauty,VendorB,2024-07-02,2024-07-04,2024-07-07,North,Delivered,Not Returned,
ORD0627,Electronics,VendorC,2024-02-13,2024-02-16,2024-02-22,West,Delayed,Not Returned,
ORD0628,Electronics,VendorA,2024-09-20,2024-09-22,2024-09-28,West,Delayed,Returned,No reason
ORD0629,Books,VendorB,2024-09-22,2024-09-25,2024-09-27,West,Delivered,Not Returned,
ORD0630,Books,VendorB,2024-09-15,2024-09-16,2024-09-26,West,Delayed,Not Returned,
ORD0631,Books,VendorC,2024-01-11,2024-01-13,2024-01-17,North,Delivered,Not Returned,
ORD0632,Clothing,VendorB,2024-01-26,2024-01-27,2024-02-02,North,Delayed,Not Returned,
ORD0633,Books,VendorA,2024-03-22,2024-03-23,2024-03-25,North,Delivered,Not Returned,
ORD0634,Home,VendorC,2024-03-02,2024-03-05,2024-03-14,North,Delayed,Not Returned,
ORD0635,Beauty,VendorC,2024-06-19,2024-06-21,2024-06-24,West,Delivered,Not Returned,
ORD0636,Clothing,VendorA,2024-04-22,2024-04-24,2024-04-26,West,Delivered,Not Returned,
ORD0637,Books,VendorB,2024-10-17,2024-10-18,2024-10-23,West,Delivered,Not Returned,
ORD0638,Electronics,VendorC,2024-03-14,2024-03-17,2024-03-19,West,Delivered,Returned,No reason
ORD0639,Electronics,VendorC,2024-08-24,2024-08-26,2024-08-31,West,Delivered,Returned,Late
ORD0640,Beauty,VendorA,2024-08-12,2024-08-15,2024-08-24,East,Delayed,Not Returned,
ORD0641,Clothing,VendorA,2024-02-03,2024-02-05,2024-02-14,South,Delayed,Not Returned,
ORD0642,Beauty,VendorC,2024-04-08,2024-04-10,2024-04-14,South,Delivered,Not Returned,
ORD0643,Beauty,VendorB,2024-11-16,2024-11-17,2024-11-21,East,Delivered,Not Returned,
ORD0644,Home,VendorC,2024-02-23,2024-02-26,2024-02-29,West,Delivered,Not Returned,
ORD0645,Books,VendorB,2024-07-16,2024-07-17,2024-07-24,North,Delayed,Returned,Wrong item
ORD0646,Beauty,VendorA,2024-09-20,2024-09-21,2024-09-26,West,Delivered,Returned,Wrong item
ORD0647,Electronics,VendorA,2024-06-15,2024-06-17,2024-06-22,West,Delivered,Not Returned,
ORD0648,Home,VendorC,2024-09-26,2024-09-27,2024-10-04,East,Delayed,Not Returned,
ORD0649,Books,VendorB,2024-04-27,2024-04-29,2024-05-05,South,Delayed,Not Returned,
ORD0650,Beauty,VendorA,2024-09-20,2024-09-21,2024-09-30,South,Delayed,Not Returned,
ORD0651,Beauty,VendorA,2024-05-23,2024-05-24,2024-06-02,North,Delayed,Returned,Wrong item
ORD0652,Books,VendorB,2024-11-16,2024-11-18,2024-11-20,East,Delivered,Not Returned,
ORD0653,Beauty,VendorA,2024-12-12,2024-12-15,2024-12-24,South,Delayed,Not Returned,
ORD0654,Beauty,VendorC,2024-12-26,2024-12-28,2025-01-07,South,Delayed,Returned,Wrong item
ORD0655,Beauty,VendorC,2024-07-20,2024-07-21,2024-07-23,North,Delivered,Not Returned,
ORD0656,Electronics,VendorB,2024-01-25,2024-01-28,2024-02-04,South,Delayed,Not Returned,
ORD0657,Clothing,VendorA,2024-03-13,2024-03-15,2024-03-17,North,Delivered,Not Returned,
ORD0658,Beauty,VendorC,2024-06-17,2024-06-19,2024-06-26,South,Delayed,Not Returned,
ORD0659,Home,VendorB,2024-11-13,2024-11-14,2024-11-20,North,Delayed,Not Returned,
ORD0660,Clothing,VendorC,2024-06-26,2024-06-27,2024-07-05,North,Delayed,Not Returned,
ORD0661,Clothing,VendorB,2024-10-20,2024-10-22,2024-10-29,West,Delayed,Not Returned,
ORD0662,Books,VendorC,2024-01-25,2024-01-27,2024-02-04,East,Delayed,Not Returned,
ORD0663,Home,VendorC,2024-12-03,2024-12-04,2024-12-08,West,Delivered,Not Returned,
ORD0664,Clothing,VendorA,2024-10-16,2024-10-17,2024-10-19,East,Delivered,Not Returned,
ORD0665,Home,VendorC,2024-04-13,2024-04-15,2024-04-21,West,Delayed,Returned,Late
ORD0666,Home,VendorA,2024-12-16,2024-12-18,2024-12-23,South,Delivered,Not Returned,
ORD0667,Clothing,VendorC,2024-03-22,2024-03-25,2024-04-04,West,Delayed,Not Returned,
ORD0668,Clothing,VendorB,2024-12-19,2024-12-22,2025-01-01,South,Delayed,Not Returned,
ORD0669,Books,VendorB,2024-02-05,2024-02-06,2024-02-14,North,Delayed,Not Returned,
ORD0670,Beauty,VendorB,2024-07-05,2024-07-07,2024-07-14,West,Delayed,Not Returned,
ORD0671,Clothing,VendorA,2024-04-23,2024-04-25,2024-04-28,North,Delivered,Not Returned,
ORD0672,Clothing,VendorC,2024-10-20,2024-10-22,2024-10-31,East,Delayed,Returned,Late
ORD0673,Books,VendorA,2024-01-04,2024-01-07,2024-01-12,West,Delivered,Not Returned,
ORD0674,Home,VendorB,2024-06-24,2024-06-26,2024-06-30,West,Delivered,Not Returned,
ORD0675,Home,VendorC,2024-07-11,2024-07-12,2024-07-16,South,Delivered,Not Returned,
ORD0676,Books,VendorA,2024-01-18,2024-01-19,2024-01-29,East,Delayed,Returned,Wrong item
ORD0677,Electronics,VendorB,2024-05-15,2024-05-18,2024-05-28,South,Delayed,Returned,Damaged
ORD0678,Electronics,VendorB,2024-10-25,2024-10-27,2024-11-04,East,Delayed,Not Returned,
ORD0679,Beauty,VendorA,2024-04-16,2024-04-18,2024-04-22,South,Delivered,Not Returned,
ORD0680,Clothing,VendorB,2024-07-23,2024-07-24,2024-07-27,South,Delivered,Not Returned,
ORD0681,Beauty,VendorC,2024-11-11,2024-11-12,2024-11-16,South,Delivered,Not Returned,
ORD0682,Clothing,VendorB,2024-06-25,2024-06-28,2024-07-03,East,Delivered,Not Returned,
ORD0683,Home,VendorA,2024-11-27,2024-11-30,2024-12-09,South,Delayed,Not Returned,
ORD0684,Beauty,VendorA,2024-11-17,2024-11-20,2024-11-22,South,Delivered,Not Returned,
ORD0685,Clothing,VendorC,2024-04-28,2024-04-30,2024-05-06,North,Delayed,Returned,No reason
ORD0686,Home,VendorC,2024-04-28,2024-04-29,2024-05-05,South,Delayed,Not Returned,
ORD0687,Books,VendorC,2024-04-19,2024-04-20,2024-04-26,West,Delayed,Not Returned,
ORD0688,Clothing,VendorA,2024-04-25,2024-04-27,2024-05-02,South,Delivered,Not Returned,
ORD0689,Books,VendorB,2024-04-13,2024-04-16,2024-04-24,South,Delayed,Not Returned,
ORD0690,Books,VendorB,2024-04-22,2024-04-25,2024-04-30,South,Delivered,Returned,Late
ORD0691,Home,VendorB,2024-04-15,2024-04-18,2024-04-28,South,Delayed,Returned,No reason
ORD0692,Beauty,VendorB,2024-05-20,2024-05-23,2024-05-29,North,Delayed,Returned,No reason
ORD0693,Books,VendorA,2024-10-09,2024-10-11,2024-10-19,North,Delayed,Returned,Wrong item
ORD0694,Clothing,VendorA,2024-03-21,2024-03-23,2024-03-28,West,Delivered,Not Returned,
ORD0695,Beauty,VendorC,2024-07-21,2024-07-24,2024-08-02,South,Delayed,Not Returned,
ORD0696,Home,VendorA,2024-02-12,2024-02-15,2024-02-17,East,Delivered,Not Returned,
ORD0697,Home,VendorC,2024-12-21,2024-12-23,2024-12-31,South,Delayed,Not Returned,
ORD0698,Clothing,VendorC,2024-11-08,2024-11-10,2024-11-14,North,Delivered,Not Returned,
ORD0699,Home,VendorB,2024-06-02,2024-06-03,2024-06-06,West,Delivered,Not Returned,
ORD0700,Electronics,VendorB,2024-09-10,2024-09-12,2024-09-21,South,Delayed,Not Returned,
ORD0701,Books,VendorC,2024-05-22,2024-05-23,2024-05-30,North,Delayed,Returned,Wrong item
ORD0702,Electronics,VendorB,2024-02-26,2024-02-27,2024-03-01,North,Delivered,Not Returned,
ORD0703,Clothing,VendorA,2024-10-25,2024-10-27,2024-11-01,East,Delivered,Not Returned,
ORD0704,Clothing,VendorA,2024-12-04,2024-12-06,2024-12-09,East,Delivered,Not Returned,
ORD0705,Clothing,VendorB,2024-12-05,2024-12-06,2024-12-14,South,Delayed,Not Returned,
ORD0706,Home,VendorB,2024-05-18,2024-05-20,2024-05-23,West,Delivered,Not Returned,
ORD0707,Beauty,VendorA,2024-06-04,2024-06-05,2024-06-10,West,Delivered,Not Returned,
ORD0708,Beauty,VendorC,2024-01-13,2024-01-15,2024-01-22,West,Delayed,Not Returned,
ORD0709,Home,VendorA,2024-11-05,2024-11-06,2024-11-15,North,Delayed,Returned,Late
ORD0710,Home,VendorA,2024-07-14,2024-07-15,2024-07-23,North,Delayed,Returned,Late
ORD0711,Books,VendorB,2024-06-15,2024-06-17,2024-06-23,East,Delayed,Returned,No reason
ORD0712,Books,VendorB,2024-11-01,2024-11-02,2024-11-06,South,Delivered,Not Returned,
ORD0713,Electronics,VendorA,2024-07-08,2024-07-09,2024-07-14,South,Delivered,Not Returned,
ORD0714,Electronics,VendorC,2024-09-22,2024-09-24,2024-09-30,North,Delayed,Not Returned,
ORD0715,Books,VendorA,2024-04-12,2024-04-15,2024-04-23,South,Delayed,Not Returned,
ORD0716,Electronics,VendorC,2024-10-16,2024-10-19,2024-10-24,South,Delivered,Not Returned,
ORD0717,Home,VendorB,2024-05-15,2024-05-16,2024-05-18,West,Delivered,Not Returned,
ORD0718,Home,VendorA,2024-03-01,2024-03-04,2024-03-08,West,Delivered,Not Returned,
ORD0719,Books,VendorA,2024-09-07,2024-09-10,2024-09-17,East,Delayed,Not Returned,
ORD0720,Beauty,VendorB,2024-12-25,2024-12-27,2025-01-01,East,Delivered,Not Returned,
ORD0721,Books,VendorA,2024-03-08,2024-03-10,2024-03-14,West,Delivered,Not Returned,
ORD0722,Books,VendorB,2024-09-20,2024-09-23,2024-10-01,South,Delayed,Not Returned,
ORD0723,Home,VendorB,2024-11-11,2024-11-13,2024-11-16,North,Delivered,Not Returned,
ORD0724,Books,VendorB,2024-10-28,2024-10-29,2024-11-02,East,Delivered,Not Returned,
ORD0725,Electronics,VendorB,2024-08-07,2024-08-10,2024-08-18,South,Delayed,Not Returned,
ORD0726,Beauty,VendorA,2024-12-11,2024-12-14,2024-12-20,North,Delayed,Not Returned,
ORD0727,Home,VendorC,2024-09-22,2024-09-24,2024-10-04,West,Delayed,Not Returned,
ORD0728,Beauty,VendorC,2024-01-07,2024-01-09,2024-01-16,South,Delayed,Not Returned,
ORD0729,Beauty,VendorC,2024-12-11,2024-12-14,2024-12-24,North,Delayed,Not Returned,
ORD0730,Electronics,VendorC,2024-04-14,2024-04-16,2024-04-20,West,Delivered,Not Returned,
ORD0731,Clothing,VendorC,2024-04-13,2024-04-16,2024-04-25,East,Delayed,Not Returned,
ORD0732,Electronics,VendorB,2024-05-22,2024-05-24,2024-05-31,East,Delayed,Not Returned,
ORD0733,Electronics,VendorC,2024-06-17,2024-06-19,2024-06-21,West,Delivered,Returned,Wrong item
ORD0734,Home,VendorA,2024-02-06,2024-02-09,2024-02-14,West,Delivered,Not Returned,
ORD0735,Clothing,VendorA,2024-02-04,2024-02-05,2024-02-10,East,Delivered,Not Returned,
ORD0736,Books,VendorB,2024-02-09,2024-02-10,2024-02-14,West,Delivered,Returned,No reason
ORD0737,Home,VendorA,2024-11-11,2024-11-14,2024-11-24,West,Delayed,Not Returned,
ORD0738,Clothing,VendorC,2024-03-15,2024-03-18,2024-03-23,North,Delivered,Not Returned,
ORD0739,Home,VendorB,2024-04-22,2024-04-25,2024-04-28,South,Delivered,Not Returned,
ORD0740,Clothing,VendorC,2024-05-07,2024-05-08,2024-05-10,South,Delivered,Not Returned,
ORD0741,Beauty,VendorB,2024-06-06,2024-06-08,2024-06-12,North,Delivered,Not Returned,
ORD0742,Books,VendorC,2024-10-01,2024-10-03,2024-10-09,North,Delayed,Not Returned,
ORD0743,Beauty,VendorC,2024-06-21,2024-06-24,2024-06-26,South,Delivered,Not Returned,
ORD0744,Books,VendorB,2024-04-07,2024-04-08,2024-04-15,West,Delayed,Returned,Late
ORD0745,Clothing,VendorC,2024-06-05,2024-06-07,2024-06-09,West,Delivered,Not Returned,
ORD0746,Clothing,VendorC,2024-11-18,2024-11-19,2024-11-22,South,Delivered,Not Returned,
ORD0747,Home,VendorC,2024-10-25,2024-10-28,2024-11-07,East,Delayed,Returned,Late
ORD0748,Beauty,VendorB,2024-01-09,2024-01-11,2024-01-18,North,Delayed,Returned,Late
ORD0749,Beauty,VendorC,2024-11-10,2024-11-13,2024-11-21,East,Delayed,Not Returned,
ORD0750,Beauty,VendorA,2024-03-19,2024-03-21,2024-03-25,East,Delivered,Returned,Late
ORD0751,Books,VendorA,2024-03-08,2024-03-11,2024-03-16,East,Delivered,Not Returned,
ORD0752,Home,VendorB,2024-08-23,2024-08-24,2024-08-28,North,Delivered,Not Returned,
ORD0753,Electronics,VendorA,2024-05-25,2024-05-28,2024-06-05,West,Delayed,Returned,Damaged
ORD0754,Electronics,VendorB,2024-01-10,2024-01-13,2024-01-22,West,Delayed,Not Returned,
ORD0755,Books,VendorB,2024-09-17,2024-09-19,2024-09-29,East,Delayed,Returned,Late
ORD0756,Books,VendorB,2024-05-11,2024-05-12,2024-05-15,West,Delivered,Not Returned,
ORD0757,Books,VendorC,2024-02-27,2024-03-01,2024-03-11,North,Delayed,Returned,No reason
ORD0758,Books,VendorB,2024-08-20,2024-08-21,2024-08-26,West,Delivered,Returned,Wrong item
ORD0759,Clothing,VendorC,2024-06-16,2024-06-19,2024-06-25,South,Delayed,Returned,Wrong item
ORD0760,Home,VendorC,2024-02-10,2024-02-13,2024-02-16,North,Delivered,Not Returned,
ORD0761,Books,VendorC,2024-02-15,2024-02-16,2024-02-24,North,Delayed,Not Returned,
ORD0762,Electronics,VendorA,2024-10-14,2024-10-16,2024-10-23,East,Delayed,Not Returned,
ORD0763,Clothing,VendorC,2024-11-23,2024-11-25,2024-12-03,West,Delayed,Returned,Late
ORD0764,Books,VendorA,2024-12-28,2024-12-31,2025-01-02,South,Delivered,Not Returned,
ORD0765,Beauty,VendorB,2024-01-05,2024-01-07,2024-01-11,East,Delivered,Returned,Late
ORD0766,Home,VendorC,2024-12-22,2024-12-24,2024-12-28,East,Delivered,Not Returned,
ORD0767,Electronics,VendorB,2024-06-21,2024-06-23,2024-07-02,East,Delayed,Returned,Damaged
ORD0768,Beauty,VendorC,2024-03-23,2024-03-26,2024-04-03,South,Delayed,Not Returned,
ORD0769,Books,VendorA,2024-07-15,2024-07-16,2024-07-22,West,Delayed,Not Returned,
ORD0770,Clothing,VendorC,2024-02-24,2024-02-27,2024-03-07,South,Delayed,Not Returned,
ORD0771,Clothing,VendorA,2024-11-09,2024-11-10,2024-11-20,North,Delayed,Not Returned,
ORD0772,Electronics,VendorA,2024-01-23,2024-01-24,2024-01-31,South,Delayed,Not Returned,
ORD0773,Electronics,VendorA,2024-09-26,2024-09-28,2024-10-08,South,Delayed,Not Returned,
ORD0774,Beauty,VendorC,2024-06-13,2024-06-16,2024-06-19,North,Delivered,Not Returned,
ORD0775,Beauty,VendorC,2024-08-19,2024-08-21,2024-08-23,South,Delivered,Not Returned,
ORD0776,Books,VendorB,2024-01-04,2024-01-05,2024-01-07,North,Delivered,Not Returned,
ORD0777,Books,VendorA,2024-02-19,2024-02-22,2024-02-26,North,Delivered,Not Returned,
ORD0778,Clothing,VendorB,2024-10-19,2024-10-20,2024-10-23,North,Delivered,Returned,No reason
ORD0779,Books,VendorC,2024-06-21,2024-06-23,2024-06-30,East,Delayed,Not Returned,
ORD0780,Home,VendorA,2024-10-10,2024-10-12,2024-10-22,North,Delayed,Not Returned,
ORD0781,Electronics,VendorC,2024-04-08,2024-04-09,2024-04-19,East,Delayed,Not Returned,
ORD0782,Clothing,VendorC,2024-09-20,2024-09-21,2024-09-29,South,Delayed,Not Returned,
ORD0783,Electronics,VendorB,2024-04-10,2024-04-11,2024-04-21,North,Delayed,Not Returned,
ORD0784,Home,VendorA,2024-11-03,2024-11-04,2024-11-09,South,Delivered,Not Returned,
ORD0785,Home,VendorC,2024-12-24,2024-12-25,2024-12-30,East,Delivered,Not Returned,
ORD0786,Clothing,VendorC,2024-08-07,2024-08-08,2024-08-16,North,Delayed,Not Returned,
ORD0787,Electronics,VendorA,2024-07-25,2024-07-28,2024-07-31,South,Delivered,Not Returned,
ORD0788,Books,VendorB,2024-09-13,2024-09-15,2024-09-23,East,Delayed,Not Returned,
ORD0789,Books,VendorB,2024-02-11,2024-02-13,2024-02-18,East,Delivered,Not Returned,
ORD0790,Electronics,VendorC,2024-12-19,2024-12-21,2024-12-30,East,Delayed,Not Returned,
ORD0791,Books,VendorA,2024-07-14,2024-07-15,2024-07-19,North,Delivered,Not Returned,
ORD0792,Home,VendorC,2024-06-08,2024-06-11,2024-06-20,South,Delayed,Returned,No reason
ORD0793,Clothing,VendorA,2024-01-13,2024-01-14,2024-01-22,South,Delayed,Not Returned,
ORD0794,Electronics,VendorC,2024-08-18,2024-08-21,2024-08-28,North,Delayed,Not Returned,
ORD0795,Home,VendorC,2024-08-11,2024-08-13,2024-08-17,East,Delivered,Not Returned,
ORD0796,Books,VendorC,2024-06-14,2024-06-17,2024-06-23,West,Delayed,Not Returned,
ORD0797,Beauty,VendorC,2024-06-27,2024-06-30,2024-07-10,West,Delayed,Not Returned,
ORD0798,Books,VendorA,2024-08-22,2024-08-25,2024-08-29,East,Delivered,Returned,No reason
ORD0799,Clothing,VendorA,2024-06-07,2024-06-10,2024-06-20,North,Delayed,Not Returned,
ORD0800,Electronics,VendorC,2024-02-04,2024-02-05,2024-02-15,West,Delayed,Not Returned,
ORD0801,Books,VendorB,2024-05-16,2024-05-19,2024-05-24,East,Delivered,Not Returned,
ORD0802,Clothing,VendorC,2024-01-28,2024-01-31,2024-02-03,East,Delivered,Not Returned,
ORD0803,Books,VendorB,2024-06-27,2024-06-30,2024-07-03,East,Delivered,Not Returned,
ORD0804,Electronics,VendorB,2024-09-02,2024-09-03,2024-09-08,South,Delivered,Not Returned,
ORD0805,Beauty,VendorC,2024-12-14,2024-12-15,2024-12-18,East,Delivered,Returned,Late
ORD0806,Clothing,VendorA,2024-09-06,2024-09-08,2024-09-17,North,Delayed,Not Returned,
ORD0807,Beauty,VendorB,2024-09-24,2024-09-26,2024-10-01,East,Delivered,Not Returned,
ORD0808,Clothing,VendorC,2024-05-16,2024-05-18,2024-05-20,South,Delivered,Returned,No reason
ORD0809,Electronics,VendorC,2024-04-21,2024-04-24,2024-04-27,North,Delivered,Not Returned,
ORD0810,Electronics,VendorA,2024-05-05,2024-05-08,2024-05-18,South,Delayed,Not Returned,
ORD0811,Clothing,VendorC,2024-09-02,2024-09-03,2024-09-08,North,Delivered,Not Returned,
ORD0812,Electronics,VendorC,2024-06-27,2024-06-29,2024-07-01,North,Delivered,Not Returned,
ORD0813,Electronics,VendorB,2024-01-24,2024-01-25,2024-01-28,North,Delivered,Returned,Late
ORD0814,Electronics,VendorA,2024-07-04,2024-07-06,2024-07-09,West,Delivered,Returned,Wrong item
ORD0815,Beauty,VendorB,2024-02-22,2024-02-23,2024-02-25,North,Delivered,Not Returned,
ORD0816,Clothing,VendorC,2024-02-23,2024-02-25,2024-02-29,East,Delivered,Returned,Wrong item
ORD0817,Clothing,VendorA,2024-08-18,2024-08-20,2024-08-28,West,Delayed,Not Returned,
ORD0818,Electronics,VendorC,2024-01-20,2024-01-22,2024-01-28,East,Delayed,Not Returned,
ORD0819,Home,VendorC,2024-12-10,2024-12-13,2024-12-22,South,Delayed,Not Returned,
ORD0820,Books,VendorB,2024-08-01,2024-08-03,2024-08-05,East,Delivered,Returned,No reason
ORD0821,Beauty,VendorC,2024-09-23,2024-09-26,2024-10-03,North,Delayed,Not Returned,
ORD0822,Electronics,VendorB,2024-10-02,2024-10-03,2024-10-06,South,Delivered,Not Returned,
ORD0823,Books,VendorA,2024-07-25,2024-07-28,2024-08-06,West,Delayed,Returned,No reason
ORD0824,Beauty,VendorB,2024-02-03,2024-02-05,2024-02-07,North,Delivered,Not Returned,
ORD0825,Home,VendorC,2024-01-19,2024-01-20,2024-01-26,North,Delayed,Not Returned,
ORD0826,Books,VendorA,2024-06-08,2024-06-10,2024-06-12,North,Delivered,Not Returned,
ORD0827,Clothing,VendorB,2024-11-23,2024-11-26,2024-12-02,North,Delayed,Not Returned,
ORD0828,Clothing,VendorB,2024-04-14,2024-04-16,2024-04-24,South,Delayed,Not Returned,
ORD0829,Home,VendorA,2024-01-05,2024-01-07,2024-01-14,South,Delayed,Not Returned,
ORD0830,Beauty,VendorA,2024-05-26,2024-05-28,2024-06-01,East,Delivered,Not Returned,
ORD0831,Books,VendorB,2024-07-26,2024-07-27,2024-08-04,North,Delayed,Not Returned,
ORD0832,Clothing,VendorC,2024-04-13,2024-04-16,2024-04-26,South,Delayed,Not Returned,
ORD0833,Beauty,VendorB,2024-01-16,2024-01-19,2024-01-26,East,Delayed,Not Returned,
ORD0834,Electronics,VendorC,2024-03-23,2024-03-24,2024-03-27,East,Delivered,Not Returned,
ORD0835,Electronics,VendorA,2024-03-26,2024-03-29,2024-04-01,North,Delivered,Not Returned,
ORD0836,Home,VendorA,2024-04-06,2024-04-09,2024-04-17,South,Delayed,Not Returned,
ORD0837,Clothing,VendorC,2024-12-17,2024-12-18,2024-12-22,West,Delivered,Not Returned,
ORD0838,Clothing,VendorB,2024-12-24,2024-12-25,2024-12-27,South,Delivered,Returned,Late
ORD0839,Clothing,VendorA,2024-04-18,2024-04-21,2024-05-01,East,Delayed,Not Returned,
ORD0840,Beauty,VendorB,2024-10-25,2024-10-26,2024-11-01,West,Delayed,Not Returned,
ORD0841,Home,VendorB,2024-01-17,2024-01-18,2024-01-28,West,Delayed,Returned,Damaged
ORD0842,Clothing,VendorC,2024-09-04,2024-09-05,2024-09-07,North,Delivered,Returned,No reason
ORD0843,Clothing,VendorB,2024-05-18,2024-05-21,2024-05-30,West,Delayed,Returned,Damaged
ORD0844,Electronics,VendorA,2024-04-05,2024-04-06,2024-04-09,East,Delivered,Not Returned,
ORD0845,Books,VendorA,2024-04-18,2024-04-21,2024-04-26,North,Delivered,Not Returned,
ORD0846,Home,VendorB,2024-11-15,2024-11-16,2024-11-24,North,Delayed,Not Returned,
ORD0847,Beauty,VendorC,2024-10-26,2024-10-28,2024-10-30,South,Delivered,Not Returned,
ORD0848,Home,VendorA,2024-01-10,2024-01-13,2024-01-15,West,Delivered,Not Returned,
ORD0849,Home,VendorA,2024-03-11,2024-03-12,2024-03-20,South,Delayed,Not Returned,
ORD0850,Beauty,VendorB,2024-07-14,2024-07-16,2024-07-21,South,Delivered,Not Returned,
ORD0851,Clothing,VendorA,2024-01-17,2024-01-18,2024-01-25,East,Delayed,Not Returned,
ORD0852,Clothing,VendorB,2024-12-06,2024-12-09,2024-12-19,South,Delayed,Not Returned,
ORD0853,Books,VendorA,2024-07-01,2024-07-03,2024-07-13,South,Delayed,Not Returned,
ORD0854,Home,VendorA,2024-11-02,2024-11-04,2024-11-06,North,Delivered,Not Returned,
ORD0855,Home,VendorB,2024-08-02,2024-08-04,2024-08-10,South,Delayed,Not Returned,
ORD0856,Home,VendorB,2024-09-23,2024-09-26,2024-10-04,West,Delayed,Not Returned,
ORD0857,Clothing,VendorB,2024-04-27,2024-04-29,2024-05-03,West,Delivered,Not Returned,
ORD0858,Home,VendorB,2024-03-02,2024-03-03,2024-03-10,South,Delayed,Not Returned,
ORD0859,Books,VendorC,2024-12-20,2024-12-23,2024-12-30,West,Delayed,Not Returned,
ORD0860,Books,VendorA,2024-03-06,2024-03-09,2024-03-15,East,Delayed,Returned,No reason
ORD0861,Electronics,VendorC,2024-03-26,2024-03-27,2024-04-04,East,Delayed,Not Returned,
ORD0862,Electronics,VendorC,2024-06-17,2024-06-19,2024-06-25,South,Delayed,Not Returned,
ORD0863,Clothing,VendorB,2024-08-10,2024-08-11,2024-08-15,West,Delivered,Not Returned,
ORD0864,Electronics,VendorA,2024-07-14,2024-07-16,2024-07-26,East,Delayed,Not Returned,
ORD0865,Clothing,VendorA,2024-03-01,2024-03-04,2024-03-09,South,Delivered,Returned,Wrong item
ORD0866,Electronics,VendorB,2024-09-04,2024-09-06,2024-09-12,South,Delayed,Returned,No reason
ORD0867,Electronics,VendorC,2024-06-08,2024-06-09,2024-06-13,West,Delivered,Not Returned,
ORD0868,Beauty,VendorA,2024-09-02,2024-09-04,2024-09-10,South,Delayed,Not Returned,
ORD0869,Beauty,VendorB,2024-12-14,2024-12-16,2024-12-19,South,Delivered,Not Returned,
ORD0870,Clothing,VendorB,2024-07-20,2024-07-23,2024-07-31,South,Delayed,Not Returned,
ORD0871,Electronics,VendorC,2024-06-12,2024-06-14,2024-06-22,South,Delayed,Returned,Wrong item
ORD0872,Beauty,VendorA,2024-06-24,2024-06-27,2024-07-06,South,Delayed,Not Returned,
ORD0873,Home,VendorB,2024-07-24,2024-07-25,2024-07-28,East,Delivered,Returned,Damaged
ORD0874,Clothing,VendorB,2024-10-14,2024-10-15,2024-10-20,North,Delivered,Not Returned,
ORD0875,Beauty,VendorC,2024-11-23,2024-11-25,2024-12-05,West,Delayed,Returned,Wrong item
ORD0876,Electronics,VendorA,2024-07-08,2024-07-09,2024-07-15,South,Delayed,Not Returned,
ORD0877,Clothing,VendorB,2024-04-03,2024-04-06,2024-04-09,South,Delivered,Not Returned,
ORD0878,Electronics,VendorC,2024-08-08,2024-08-09,2024-08-15,South,Delayed,Returned,No reason
ORD0879,Clothing,VendorC,2024-10-26,2024-10-27,2024-11-05,South,Delayed,Not Returned,
ORD0880,Electronics,VendorB,2024-05-19,2024-05-21,2024-05-29,North,Delayed,Not Returned,
ORD0881,Clothing,VendorB,2024-09-08,2024-09-10,2024-09-20,South,Delayed,Not Returned,
ORD0882,Clothing,VendorC,2024-03-03,2024-03-05,2024-03-14,West,Delayed,Not Returned,
ORD0883,Clothing,VendorC,2024-02-11,2024-02-13,2024-02-19,North,Delayed,Not Returned,
ORD0884,Home,VendorA,2024-07-26,2024-07-28,2024-08-06,West,Delayed,Not Returned,
ORD0885,Beauty,VendorB,2024-05-13,2024-05-14,2024-05-19,South,Delivered,Not Returned,
ORD0886,Books,VendorC,2024-10-24,2024-10-27,2024-11-04,East,Delayed,Not Returned,
ORD0887,Home,VendorB,2024-04-21,2024-04-23,2024-04-25,North,Delivered,Not Returned,
ORD0888,Beauty,VendorA,2024-05-23,2024-05-24,2024-05-30,East,Delayed,Not Returned,
ORD0889,Beauty,VendorC,2024-07-08,2024-07-09,2024-07-17,West,Delayed,Not Returned,
ORD0890,Home,VendorB,2024-08-16,2024-08-19,2024-08-25,North,Delayed,Not Returned,
ORD0891,Home,VendorC,2024-01-28,2024-01-29,2024-02-04,North,Delayed,Not Returned,
ORD0892,Clothing,VendorB,2024-02-14,2024-02-16,2024-02-24,East,Delayed,Not Returned,
ORD0893,Electronics,VendorA,2024-10-06,2024-10-07,2024-10-09,West,Delivered,Not Returned,
ORD0894,Beauty,VendorA,2024-03-10,2024-03-13,2024-03-23,East,Delayed,Not Returned,
ORD0895,Clothing,VendorA,2024-06-19,2024-06-21,2024-06-28,East,Delayed,Not Returned,
ORD0896,Beauty,VendorB,2024-12-02,2024-12-03,2024-12-07,East,Delivered,Not Returned,
ORD0897,Home,VendorA,2024-03-25,2024-03-28,2024-03-31,North,Delivered,Not Returned,
ORD0898,Clothing,VendorA,2024-02-15,2024-02-17,2024-02-22,East,Delivered,Not Returned,
ORD0899,Clothing,VendorB,2024-10-17,2024-10-20,2024-10-29,East,Delayed,Not Returned,
ORD0900,Home,VendorA,2024-10-17,2024-10-19,2024-10-26,East,Delayed,Not Returned,
ORD0901,Books,VendorC,2024-09-04,2024-09-07,2024-09-15,South,Delayed,Returned,No reason
ORD0902,Books,VendorB,2024-07-24,2024-07-25,2024-08-04,West,Delayed,Not Returned,
ORD0903,Clothing,VendorC,2024-04-03,2024-04-05,2024-04-07,West,Delivered,Returned,Damaged
ORD0904,Home,VendorC,2024-01-12,2024-01-15,2024-01-21,South,Delayed,Not Returned,
ORD0905,Beauty,VendorA,2024-07-22,2024-07-23,2024-07-28,East,Delivered,Returned,No reason
ORD0906,Clothing,VendorB,2024-01-18,2024-01-19,2024-01-23,South,Delivered,Not Returned,
ORD0907,Home,VendorC,2024-04-04,2024-04-07,2024-04-15,South,Delayed,Returned,Damaged
ORD0908,Clothing,VendorB,2024-02-05,2024-02-08,2024-02-18,South,Delayed,Returned,Damaged
ORD0909,Electronics,VendorC,2024-06-27,2024-06-30,2024-07-06,South,Delayed,Returned,No reason
ORD0910,Electronics,VendorB,2024-05-21,2024-05-22,2024-06-01,East,Delayed,Returned,Wrong item
ORD0911,Electronics,VendorA,2024-04-08,2024-04-10,2024-04-14,South,Delivered,Not Returned,
ORD0912,Home,VendorB,2024-08-01,2024-08-03,2024-08-05,East,Delivered,Not Returned,
ORD0913,Beauty,VendorC,2024-06-25,2024-06-26,2024-07-04,West,Delayed,Not Returned,
ORD0914,Electronics,VendorA,2024-08-14,2024-08-17,2024-08-22,West,Delivered,Not Returned,
ORD0915,Books,VendorA,2024-05-18,2024-05-21,2024-05-28,North,Delayed,Not Returned,
ORD0916,Electronics,VendorC,2024-03-10,2024-03-11,2024-03-15,North,Delivered,Returned,Late
ORD0917,Beauty,VendorB,2024-06-13,2024-06-16,2024-06-21,North,Delivered,Not Returned,
ORD0918,Beauty,VendorA,2024-08-23,2024-08-26,2024-09-02,East,Delayed,Not Returned,
ORD0919,Clothing,VendorB,2024-09-17,2024-09-18,2024-09-21,East,Delivered,Not Returned,
ORD0920,Home,VendorC,2024-04-09,2024-04-10,2024-04-13,North,Delivered,Not Returned,
ORD0921,Electronics,VendorC,2024-05-07,2024-05-09,2024-05-15,West,Delayed,Not Returned,
ORD0922,Home,VendorA,2024-08-13,2024-08-15,2024-08-25,North,Delayed,Not Returned,
ORD0923,Electronics,VendorC,2024-04-19,2024-04-21,2024-04-27,West,Delayed,Not Returned,
ORD0924,Electronics,VendorA,2024-02-17,2024-02-19,2024-02-28,East,Delayed,Not Returned,
ORD0925,Books,VendorB,2024-12-09,2024-12-12,2024-12-21,East,Delayed,Not Returned,
ORD0926,Electronics,VendorB,2024-03-13,2024-03-14,2024-03-20,East,Delayed,Not Returned,
ORD0927,Clothing,VendorB,2024-11-27,2024-11-29,2024-12-07,West,Delayed,Not Returned,
ORD0928,Clothing,VendorB,2024-11-28,2024-11-30,2024-12-08,East,Delayed,Not Returned,
ORD0929,Electronics,VendorC,2024-02-07,2024-02-09,2024-02-16,North,Delayed,Not Returned,
ORD0930,Home,VendorB,2024-08-19,2024-08-22,2024-08-25,West,Delivered,Not Returned,
ORD0931,Home,VendorA,2024-07-20,2024-07-21,2024-07-24,South,Delivered,Not Returned,
ORD0932,Electronics,VendorC,2024-07-04,2024-07-07,2024-07-16,West,Delayed,Returned,Late
ORD0933,Clothing,VendorB,2024-10-05,2024-10-07,2024-10-14,South,Delayed,Not Returned,
ORD0934,Electronics,VendorC,2024-12-26,2024-12-27,2025-01-01,East,Delivered,Not Returned,
ORD0935,Clothing,VendorB,2024-12-27,2024-12-30,2025-01-07,North,Delayed,Not Returned,
ORD0936,Clothing,VendorA,2024-10-19,2024-10-21,2024-10-24,South,Delivered,Not Returned,
ORD0937,Books,VendorA,2024-03-03,2024-03-05,2024-03-12,West,Delayed,Not Returned,
ORD0938,Clothing,VendorC,2024-01-07,2024-01-08,2024-01-17,West,Delayed,Not Returned,
ORD0939,Clothing,VendorA,2024-01-20,2024-01-22,2024-01-26,East,Delivered,Not Returned,
ORD0940,Books,VendorC,2024-03-21,2024-03-23,2024-03-28,West,Delivered,Not Returned,
ORD0941,Home,VendorA,2024-09-05,2024-09-07,2024-09-11,West,Delivered,Not Returned,
ORD0942,Electronics,VendorC,2024-04-14,2024-04-16,2024-04-23,North,Delayed,Not Returned,
ORD0943,Home,VendorC,2024-09-02,2024-09-03,2024-09-08,East,Delivered,Not Returned,
ORD0944,Home,VendorB,2024-10-22,2024-10-25,2024-11-02,West,Delayed,Not Returned,
ORD0945,Beauty,VendorA,2024-08-05,2024-08-08,2024-08-16,West,Delayed,Returned,Damaged
ORD0946,Beauty,VendorC,2024-08-10,2024-08-11,2024-08-21,East,Delayed,Not Returned,
ORD0947,Clothing,VendorB,2024-08-05,2024-08-07,2024-08-15,East,Delayed,Returned,Wrong item
ORD0948,Electronics,VendorC,2024-08-11,2024-08-12,2024-08-20,West,Delayed,Not Returned,
ORD0949,Home,VendorC,2024-04-25,2024-04-27,2024-04-30,East,Delivered,Not Returned,
ORD0950,Books,VendorB,2024-01-13,2024-01-16,2024-01-23,South,Delayed,Not Returned,
ORD0951,Electronics,VendorA,2024-06-02,2024-06-04,2024-06-09,West,Delivered,Returned,No reason
ORD0952,Beauty,VendorC,2024-05-17,2024-05-18,2024-05-25,South,Delayed,Not Returned,
ORD0953,Clothing,VendorC,2024-06-22,2024-06-23,2024-06-29,South,Delayed,Not Returned,
ORD0954,Books,VendorB,2024-11-16,2024-11-18,2024-11-26,West,Delayed,Returned,Wrong item
ORD0955,Beauty,VendorC,2024-02-13,2024-02-14,2024-02-20,North,Delayed,Not Returned,
ORD0956,Books,VendorB,2024-04-24,2024-04-25,2024-05-03,North,Delayed,Returned,Damaged
ORD0957,Clothing,VendorC,2024-07-28,2024-07-30,2024-08-05,East,Delayed,Not Returned,
ORD0958,Books,VendorA,2024-09-22,2024-09-23,2024-09-27,West,Delivered,Not Returned,
ORD0959,Clothing,VendorC,2024-11-01,2024-11-03,2024-11-05,West,Delivered,Not Returned,
ORD0960,Books,VendorC,2024-11-15,2024-11-17,2024-11-19,West,Delivered,Not Returned,
ORD0961,Books,VendorB,2024-07-01,2024-07-02,2024-07-09,South,Delayed,Not Returned,
ORD0962,Home,VendorB,2024-12-10,2024-12-11,2024-12-21,North,Delayed,Not Returned,
ORD0963,Electronics,VendorC,2024-10-18,2024-10-20,2024-10-26,South,Delayed,Returned,Wrong item
ORD0964,Home,VendorB,2024-05-14,2024-05-16,2024-05-22,West,Delayed,Not Returned,
ORD0965,Home,VendorC,2024-05-15,2024-05-18,2024-05-20,East,Delivered,Returned,Late
ORD0966,Books,VendorB,2024-08-16,2024-08-19,2024-08-25,South,Delayed,Not Returned,
ORD0967,Electronics,VendorA,2024-10-27,2024-10-29,2024-11-08,East,Delayed,Not Returned,
ORD0968,Home,VendorB,2024-06-21,2024-06-24,2024-07-01,South,Delayed,Not Returned,
ORD0969,Clothing,VendorA,2024-02-25,2024-02-26,2024-03-07,South,Delayed,Returned,Wrong item
ORD0970,Electronics,VendorA,2024-04-20,2024-04-21,2024-04-28,West,Delayed,Not Returned,
ORD0971,Electronics,VendorA,2024-06-28,2024-06-30,2024-07-06,East,Delayed,Not Returned,
ORD0972,Home,VendorC,2024-11-24,2024-11-25,2024-11-29,North,Delivered,Not Returned,
ORD0973,Clothing,VendorB,2024-05-10,2024-05-13,2024-05-18,South,Delivered,Not Returned,
ORD0974,Home,VendorA,2024-09-09,2024-09-10,2024-09-12,South,Delivered,Returned,Wrong item
ORD0975,Clothing,VendorB,2024-03-06,2024-03-07,2024-03-14,South,Delayed,Not Returned,
ORD0976,Home,VendorA,2024-07-02,2024-07-04,2024-07-10,North,Delayed,Not Returned,
ORD0977,Electronics,VendorC,2024-01-27,2024-01-28,2024-02-03,East,Delayed,Returned,Wrong item
ORD0978,Books,VendorC,2024-07-11,2024-07-13,2024-07-15,North,Delivered,Returned,Wrong item
ORD0979,Electronics,VendorC,2024-03-22,2024-03-25,2024-04-04,South,Delayed,Not Returned,
ORD0980,Clothing,VendorC,2024-03-04,2024-03-07,2024-03-13,South,Delayed,Not Returned,
ORD0981,Books,VendorC,2024-02-07,2024-02-08,2024-02-11,East,Delivered,Not Returned,
ORD0982,Clothing,VendorA,2024-12-07,2024-12-08,2024-12-10,East,Delivered,Returned,Late
ORD0983,Home,VendorA,2024-07-04,2024-07-06,2024-07-12,North,Delayed,Not Returned,
ORD0984,Electronics,VendorB,2024-12-24,2024-12-27,2025-01-03,East,Delayed,Not Returned,
ORD0985,Beauty,VendorA,2024-01-05,2024-01-08,2024-01-15,North,Delayed,Not Returned,
ORD0986,Electronics,VendorB,2024-04-04,2024-04-05,2024-04-08,South,Delivered,Not Returned,
ORD0987,Beauty,VendorA,2024-02-21,2024-02-24,2024-03-03,West,Delayed,Returned,Wrong item
ORD0988,Books,VendorA,2024-12-19,2024-12-20,2024-12-22,East,Delivered,Returned,No reason
ORD0989,Books,VendorA,2024-10-07,2024-10-09,2024-10-13,East,Delivered,Not Returned,
ORD0990,Home,VendorC,2024-11-05,2024-11-07,2024-11-12,North,Delivered,Not Returned,
ORD0991,Clothing,VendorA,2024-01-26,2024-01-28,2024-01-30,North,Delivered,Not Returned,
ORD0992,Beauty,VendorA,2024-01-04,2024-01-06,2024-01-16,South,Delayed,Not Returned,
ORD0993,Beauty,VendorB,2024-09-15,2024-09-17,2024-09-26,South,Delayed,Not Returned,
ORD0994,Clothing,VendorB,2024-09-17,2024-09-20,2024-09-24,North,Delivered,Not Returned,
ORD0995,Electronics,VendorA,2024-10-18,2024-10-20,2024-10-25,South,Delivered,Not Returned,
ORD0996,Beauty,VendorB,2024-04-23,2024-04-25,2024-04-27,West,Delivered,Not Returned,
ORD0997,Books,VendorB,2024-05-22,2024-05-23,2024-06-02,South,Delayed,Returned,Damaged
ORD0998,Electronics,VendorB,2024-12-03,2024-12-05,2024-12-15,South,Delayed,Not Returned,
ORD0999,Books,VendorC,2024-03-14,2024-03-15,2024-03-19,East,Delivered,Returned,No reason
